file_name,transcription,speaker_id,dialect_variant,gender
1778631069345.wav,b'a'nkyulena b'a'ntz q'ij,M1,Mam_Occidental,M
1778631101676.wav,chin q'olb'ene ja'tzunte,M1,Mam_Occidental,M
1778631127113.wav,b'a'n chjonte toj twitz,M1,Mam_Occidental,M
1778631154190.wav,qa'lte ti' b'a'n te tib'a,M1,Mam_Occidental,M
1778631195651.wav,ta'lte qina,M1,Mam_Occidental,M
1778631224290.wav,chinej toj b'e b'a'n q'ij teya,M1,Mam_Occidental,M
1778631260669.wav,chman nim ttnam ichin b'a'n,M1,Mam_Occidental,M
1778631289835.wav,txin kyq'ij toj ja b'ixil tu'n,M1,Mam_Occidental,M
1778631317139.wav,nex txin wa'l toj ja tchman,M1,Mam_Occidental,M
1778631342942.wav,xjal nimq'ij toj tnam ky'iwl,M1,Mam_Occidental,M
1778631373700.wav,nim twitz nim tb'e toj tz'aq,M1,Mam_Occidental,M
1778631449777.wav,q'ij q'aq' toj kyaq'al te' tx'otx',M1,Mam_Occidental,M
1778631478895.wav,ja nim tze'l toj ttxol xjaw,M1,Mam_Occidental,M
1778631501614.wav,q'aq' q'an kub' toj q'ij,M1,Mam_Occidental,M
1778631531114.wav,ẍe te' nim ja txolil tu'n,M1,Mam_Occidental,M
1778631561949.wav,ch'ix b'ey toj txaq te',M1,Mam_Occidental,M
1778631586368.wav,o'x yol toj xjaw nim jil,M1,Mam_Occidental,M
1778631612717.wav,wa'l toj ja atz'am yol tb'aq,M1,Mam_Occidental,M
1778631642047.wav,ko'ya nim b'a'n toj wa',M1,Mam_Occidental,M
1778631666593.wav,tz'ib'il yol q'ij toj u'j,M1,Mam_Occidental,M
1778631692375.wav,k'a'chil wa' jun ichin nim,M1,Mam_Occidental,M
1778631724154.wav,b'ixi tze'l wa'l rinil toj q'ij,M1,Mam_Occidental,M
1778631749371.wav,tnam nim pujb'il yol mam tz'ib'il,M1,Mam_Occidental,M
1778631771948.wav,xnaq'tzb'il toj tnam b'a'n tu'n,M1,Mam_Occidental,M
1778631796457.wav,kawb'il maya yol nim b'a'n,M1,Mam_Occidental,M
1778631824851.wav,k'ayil toj k'ayb'il xjal b'a'n,M1,Mam_Occidental,M
1778631851019.wav,nejnel te tnam nimb'il tu'n,M1,Mam_Occidental,M
1778631875963.wav,xnaq'tzen tu'n xjal xnaq'tzan,M1,Mam_Occidental,M
1778631901265.wav,txolb'il b'e toj nim tnam,M1,Mam_Occidental,M
1778631931805.wav,jun q'ij kab'e q'ij oxe q'ij,M1,Mam_Occidental,M
1778631954153.wav,jwe' xjaw qaq q'ij wuq b'e,M1,Mam_Occidental,M
1778631976529.wav,wajxaq b'elaj laj junk'al,M1,Mam_Occidental,M
1778632001406.wav,nchi'j q'ij neq'chil toj tnam,M1,Mam_Occidental,M
1778632026217.wav,xjan q'ij nim q'ij te b'a'n,M1,Mam_Occidental,M
1778632052685.wav,b'etil toj nim b'e rinil kub',M1,Mam_Occidental,M
1778632078959.wav,tz'ib'il tu'n u'jil tu'n b'a'n,M1,Mam_Occidental,M
1778632122508.wav,k'lol txolb'il nimil tu'n,M1,Mam_Occidental,M
1778632145102.wav,niky'il yol tu'n ichin nim,M1,Mam_Occidental,M
1778632171103.wav,tze'l b'ixil b'itzi toj q'ij,M1,Mam_Occidental,M
1778632196864.wav,ky'aq xjal k'ixb'len yib'aj,M1,Mam_Occidental,M
1778632225719.wav,k'oj b'a'n toj twitz ichin,M1,Mam_Occidental,M
1778632258886.wav,t'uj b'a'n tu'n xob'sil ma',M1,Mam_Occidental,M
1778632301909.wav,ky'il ku'j k'asil b'a'n,M1,Mam_Occidental,M
1778632326630.wav,q'ij mam nim q'ij te ky'iwl,M1,Mam_Occidental,M
1778632351077.wav,nimb'il mam toj tnam b'a'n yol,M1,Mam_Occidental,M
1778632376392.wav,txin b'ixil q'ij toj kyaq'al,M1,Mam_Occidental,M
1778632400785.wav,q'aq' b'a'n toj ky'iwl te te',M1,Mam_Occidental,M
1778632422176.wav,tz'ib'il mam yol tx'amsil tu'n,M1,Mam_Occidental,M
1778632446341.wav,chjonte tu'n yol mam b'a'n tib',M1,Mam_Occidental,M
1778632470945.wav,b'a'nkyulena toj yol mam chinej,M1,Mam_Occidental,M
1778632621289.wav,b'a'nkyulena b'a'ntz q'ij,M2,Mam_Occidental,F
1778632640704.wav,chin q'olb'ene ja'tzunte,M2,Mam_Occidental,F
1778632659206.wav,b'a'n chjonte toj twitz,M2,Mam_Occidental,F
1778632679418.wav,qa'lte ti' b'a'n te tib'a,M2,Mam_Occidental,F
1778632698576.wav,ta'lte qina,M2,Mam_Occidental,F
1778632718836.wav,chinej toj b'e b'a'n q'ij teya,M2,Mam_Occidental,F
1778632742535.wav,chman nim ttnam ichin b'a'n,M2,Mam_Occidental,F
1778632767570.wav,txin kyq'ij toj ja b'ixil tu'n,M2,Mam_Occidental,F
1778632790593.wav,nex txin wa'l toj ja tchman,M2,Mam_Occidental,F
1778632814057.wav,xjal nimq'ij toj tnam ky'iwl,M2,Mam_Occidental,F
1778632836700.wav,nim twitz nim tb'e toj tz'aq,M2,Mam_Occidental,F
1778632858769.wav,q'ij q'aq' toj kyaq'al te' tx'otx',M2,Mam_Occidental,F
1778632879939.wav,ja nim tze'l toj ttxol xjaw,M2,Mam_Occidental,F
1778632901190.wav,q'aq' q'an kub' toj q'ij,M2,Mam_Occidental,F
1778632924445.wav,ẍe te' nim ja txolil tu'n,M2,Mam_Occidental,F
1778632946502.wav,ch'ix b'ey toj txaq te',M2,Mam_Occidental,F
1778632969745.wav,o'x yol toj xjaw nim jil,M2,Mam_Occidental,F
1778632995710.wav,wa'l toj ja atz'am yol tb'aq,M2,Mam_Occidental,F
1778633015210.wav,ko'ya nim b'a'n toj wa',M2,Mam_Occidental,F
1778633036132.wav,tz'ib'il yol q'ij toj u'j,M2,Mam_Occidental,F
1778633055168.wav,k'a'chil wa' jun ichin nim,M2,Mam_Occidental,F
1778633075781.wav,b'ixi tze'l wa'l rinil toj q'ij,M2,Mam_Occidental,F
1778633101261.wav,tnam nim pujb'il yol mam tz'ib'il,M2,Mam_Occidental,F
1778633121478.wav,xnaq'tzb'il toj tnam b'a'n tu'n,M2,Mam_Occidental,F
1778633141244.wav,kawb'il maya yol nim b'a'n,M2,Mam_Occidental,F
1778633162909.wav,k'ayil toj k'ayb'il xjal b'a'n,M2,Mam_Occidental,F
1778633186727.wav,nejnel te tnam nimb'il tu'n,M2,Mam_Occidental,F
1778633206072.wav,xnaq'tzen tu'n xjal xnaq'tzan,M2,Mam_Occidental,F
1778633231122.wav,txolb'il b'e toj nim tnam,M2,Mam_Occidental,F
1778633253161.wav,jun q'ij kab'e q'ij oxe q'ij,M2,Mam_Occidental,F
1778633274403.wav,jwe' xjaw qaq q'ij wuq b'e,M2,Mam_Occidental,F
1778633296594.wav,wajxaq b'elaj laj junk'al,M2,Mam_Occidental,F
1778633315438.wav,nchi'j q'ij neq'chil toj tnam,M2,Mam_Occidental,F
1778633336306.wav,xjan q'ij nim q'ij te b'a'n,M2,Mam_Occidental,F
1778633357495.wav,b'etil toj nim b'e rinil kub',M2,Mam_Occidental,F
1778633378031.wav,tz'ib'il tu'n u'jil tu'n b'a'n,M2,Mam_Occidental,F
1778633400871.wav,k'lol txolb'il nimil tu'n,M2,Mam_Occidental,F
1778633425046.wav,niky'il yol tu'n ichin nim,M2,Mam_Occidental,F
1778633447256.wav,tze'l b'ixil b'itzi toj q'ij,M2,Mam_Occidental,F
1778633472337.wav,ky'aq xjal k'ixb'len yib'aj,M2,Mam_Occidental,F
1778633500166.wav,k'oj b'a'n toj twitz ichin,M2,Mam_Occidental,F
1778633523586.wav,t'uj b'a'n tu'n xob'sil ma',M2,Mam_Occidental,F
1778633545667.wav,ky'il ku'j k'asil b'a'n,M2,Mam_Occidental,F
1778633569172.wav,q'ij mam nim q'ij te ky'iwl,M2,Mam_Occidental,F
1778633591574.wav,nimb'il mam toj tnam b'a'n yol,M2,Mam_Occidental,F
1778633613893.wav,txin b'ixil q'ij toj kyaq'al,M2,Mam_Occidental,F
1778633636026.wav,q'aq' b'a'n toj ky'iwl te te',M2,Mam_Occidental,F
1778633659881.wav,tz'ib'il mam yol tx'amsil tu'n,M2,Mam_Occidental,F
1778633681926.wav,chjonte tu'n yol mam b'a'n tib',M2,Mam_Occidental,F
1778633703635.wav,b'a'nkyulena toj yol mam chinej,M2,Mam_Occidental,F
1778771369944.wav,b'a'nkyulena b'a'ntz q'ij,M3,Mam_Occidental,F
1778771395882.wav,chin q'olb'ene ja'tzunte,M3,Mam_Occidental,F
1778771421961.wav,b'a'n chjonte toj twitz,M3,Mam_Occidental,F
1778771458280.wav,qa'lte ti' b'a'n te tib'a,M3,Mam_Occidental,F
1778771486678.wav,ta'lte qina,M3,Mam_Occidental,F
1778771509072.wav,chinej toj b'e b'a'n q'ij teya,M3,Mam_Occidental,F
1778771537202.wav,chman nim ttnam ichin b'a'n,M3,Mam_Occidental,F
1778771594478.wav,txin kyq'ij toj ja b'ixil tu'n,M3,Mam_Occidental,F
1778771648300.wav,nex txin wa'l toj ja tchman,M3,Mam_Occidental,F
1778771673049.wav,xjal nimq'ij toj tnam ky'iwl,M3,Mam_Occidental,F
1778771731516.wav,nim twitz nim tb'e toj tz'aq,M3,Mam_Occidental,F
1778771811575.wav,q'ij q'aq' toj kyaq'al te' tx'otx',M3,Mam_Occidental,F
1778771869344.wav,ja nim tze'l toj ttxol xjaw,M3,Mam_Occidental,F
1778771897654.wav,q'aq' q'an kub' toj q'ij,M3,Mam_Occidental,F
1778771931727.wav,ẍe te' nim ja txolil tu'n,M3,Mam_Occidental,F
1778772041983.wav,ch'ix b'ey toj txaq te',M3,Mam_Occidental,F
1778772083916.wav,o'x yol toj xjaw nim jil,M3,Mam_Occidental,F
1778772112530.wav,wa'l toj ja atz'am yol tb'aq,M3,Mam_Occidental,F
1778772142824.wav,ko'ya nim b'a'n toj wa',M3,Mam_Occidental,F
1778772173336.wav,tz'ib'il yol q'ij toj u'j,M3,Mam_Occidental,F
1778772197074.wav,k'a'chil wa' jun ichin nim,M3,Mam_Occidental,F
1778772225342.wav,b'ixi tze'l wa'l rinil toj q'ij,M3,Mam_Occidental,F
1778772251879.wav,tnam nim pujb'il yol mam tz'ib'il,M3,Mam_Occidental,F
1778772276402.wav,xnaq'tzb'il toj tnam b'a'n tu'n,M3,Mam_Occidental,F
1778772302423.wav,kawb'il maya yol nim b'a'n,M3,Mam_Occidental,F
1778772333019.wav,k'ayil toj k'ayb'il xjal b'a'n,M3,Mam_Occidental,F
1778772356213.wav,nejnel te tnam nimb'il tu'n,M3,Mam_Occidental,F
1778772386343.wav,xnaq'tzen tu'n xjal xnaq'tzan,M3,Mam_Occidental,F
1778772407536.wav,txolb'il b'e toj nim tnam,M3,Mam_Occidental,F
1778772429448.wav,jun q'ij kab'e q'ij oxe q'ij,M3,Mam_Occidental,F
1778772455018.wav,jwe' xjaw qaq q'ij wuq b'e,M3,Mam_Occidental,F
1778772484943.wav,wajxaq b'elaj laj junk'al,M3,Mam_Occidental,F
1778772520195.wav,nchi'j q'ij neq'chil toj tnam,M3,Mam_Occidental,F
1778772558879.wav,xjan q'ij nim q'ij te b'a'n,M3,Mam_Occidental,F
1778772585882.wav,b'etil toj nim b'e rinil kub',M3,Mam_Occidental,F
1778772610794.wav,tz'ib'il tu'n u'jil tu'n b'a'n,M3,Mam_Occidental,F
1778772642778.wav,k'lol txolb'il nimil tu'n,M3,Mam_Occidental,F
1778772678718.wav,niky'il yol tu'n ichin nim,M3,Mam_Occidental,F
1778772716296.wav,tze'l b'ixil b'itzi toj q'ij,M3,Mam_Occidental,F
1778772762865.wav,ky'aq xjal k'ixb'len yib'aj,M3,Mam_Occidental,F
1778772793068.wav,k'oj b'a'n toj twitz ichin,M3,Mam_Occidental,F
1778772825020.wav,t'uj b'a'n tu'n xob'sil ma',M3,Mam_Occidental,F
1778772860728.wav,ky'il ku'j k'asil b'a'n,M3,Mam_Occidental,F
1778772888246.wav,q'ij mam nim q'ij te ky'iwl,M3,Mam_Occidental,F
1778772911593.wav,nimb'il mam toj tnam b'a'n yol,M3,Mam_Occidental,F
1778772945333.wav,txin b'ixil q'ij toj kyaq'al,M3,Mam_Occidental,F
1778772977986.wav,q'aq' b'a'n toj ky'iwl te te',M3,Mam_Occidental,F
1778773002703.wav,tz'ib'il mam yol tx'amsil tu'n,M3,Mam_Occidental,F
1778773025542.wav,chjonte tu'n yol mam b'a'n tib',M3,Mam_Occidental,F
1778773050838.wav,b'a'nkyulena toj yol mam chinej,M3,Mam_Occidental,F
1778773350832.wav,b'a'nkyulena b'a'ntz q'ij,M4,Mam_Occidental,F
1778773379496.wav,chin q'olb'ene ja'tzunte,M4,Mam_Occidental,F
1778773396629.wav,b'a'n chjonte toj twitz,M4,Mam_Occidental,F
1778773428454.wav,qa'lte ti' b'a'n te tib'a,M4,Mam_Occidental,F
1778773446623.wav,ta'lte qina,M4,Mam_Occidental,F
1778773466715.wav,chinej toj b'e b'a'n q'ij teya,M4,Mam_Occidental,F
1778773523559.wav,chman nim ttnam ichin b'a'n,M4,Mam_Occidental,F
1778773573580.wav,txin kyq'ij toj ja b'ixil tu'n,M4,Mam_Occidental,F
1778773613115.wav,nex txin wa'l toj ja tchman,M4,Mam_Occidental,F
1778773664201.wav,xjal nimq'ij toj tnam ky'iwl,M4,Mam_Occidental,F
1778773704892.wav,nim twitz nim tb'e toj tz'aq,M4,Mam_Occidental,F
1778773732560.wav,q'ij q'aq' toj kyaq'al te' tx'otx',M4,Mam_Occidental,F
1778773760744.wav,ja nim tze'l toj ttxol xjaw,M4,Mam_Occidental,F
1778773792151.wav,q'aq' q'an kub' toj q'ij,M4,Mam_Occidental,F
1778773833146.wav,ẍe te' nim ja txolil tu'n,M4,Mam_Occidental,F
1778773876177.wav,ch'ix b'ey toj txaq te',M4,Mam_Occidental,F
1778773906550.wav,o'x yol toj xjaw nim jil,M4,Mam_Occidental,F
1778773948022.wav,wa'l toj ja atz'am yol tb'aq,M4,Mam_Occidental,F
1778773979317.wav,ko'ya nim b'a'n toj wa',M4,Mam_Occidental,F
1778774012894.wav,tz'ib'il yol q'ij toj u'j,M4,Mam_Occidental,F
1778774038852.wav,k'a'chil wa' jun ichin nim,M4,Mam_Occidental,F
1778774078362.wav,b'ixi tze'l wa'l rinil toj q'ij,M4,Mam_Occidental,F
1778774102161.wav,tnam nim pujb'il yol mam tz'ib'il,M4,Mam_Occidental,F
1778774122311.wav,xnaq'tzb'il toj tnam b'a'n tu'n,M4,Mam_Occidental,F
1778774144255.wav,kawb'il maya yol nim b'a'n,M4,Mam_Occidental,F
1778774173013.wav,k'ayil toj k'ayb'il xjal b'a'n,M4,Mam_Occidental,F
1778774200307.wav,nejnel te tnam nimb'il tu'n,M4,Mam_Occidental,F
1778774226073.wav,xnaq'tzen tu'n xjal xnaq'tzan,M4,Mam_Occidental,F
1778774246017.wav,txolb'il b'e toj nim tnam,M4,Mam_Occidental,F
1778774266569.wav,jun q'ij kab'e q'ij oxe q'ij,M4,Mam_Occidental,F
1778774290366.wav,jwe' xjaw qaq q'ij wuq b'e,M4,Mam_Occidental,F
1778774313763.wav,wajxaq b'elaj laj junk'al,M4,Mam_Occidental,F
1778774351878.wav,nchi'j q'ij neq'chil toj tnam,M4,Mam_Occidental,F
1778774374497.wav,xjan q'ij nim q'ij te b'a'n,M4,Mam_Occidental,F
1778774402703.wav,b'etil toj nim b'e rinil kub',M4,Mam_Occidental,F
1778774425629.wav,tz'ib'il tu'n u'jil tu'n b'a'n,M4,Mam_Occidental,F
1778774452783.wav,k'lol txolb'il nimil tu'n,M4,Mam_Occidental,F
1778774500758.wav,niky'il yol tu'n ichin nim,M4,Mam_Occidental,F
1778774540791.wav,tze'l b'ixil b'itzi toj q'ij,M4,Mam_Occidental,F
1778774622497.wav,ky'aq xjal k'ixb'len yib'aj,M4,Mam_Occidental,F
1778774648112.wav,k'oj b'a'n toj twitz ichin,M4,Mam_Occidental,F
1778774705155.wav,t'uj b'a'n tu'n xob'sil ma',M4,Mam_Occidental,F
1778774734125.wav,ky'il ku'j k'asil b'a'n,M4,Mam_Occidental,F
1778774768871.wav,q'ij mam nim q'ij te ky'iwl,M4,Mam_Occidental,F
1778774795422.wav,nimb'il mam toj tnam b'a'n yol,M4,Mam_Occidental,F
1778774840423.wav,txin b'ixil q'ij toj kyaq'al,M4,Mam_Occidental,F
1778774883885.wav,q'aq' b'a'n toj ky'iwl te te',M4,Mam_Occidental,F
1778774911013.wav,tz'ib'il mam yol tx'amsil tu'n,M4,Mam_Occidental,F
1778774934325.wav,chjonte tu'n yol mam b'a'n tib',M4,Mam_Occidental,F
1778774955036.wav,b'a'nkyulena toj yol mam chinej,M4,Mam_Occidental,F
1778775254726.wav,b'a'nkyulena b'a'ntz q'ij,M5,Mam_Occidental,M
1778775318929.wav,chin q'olb'ene ja'tzunte,M5,Mam_Occidental,M
1778775338607.wav,b'a'n chjonte toj twitz,M5,Mam_Occidental,M
1778775382185.wav,qa'lte ti' b'a'n te tib'a,M5,Mam_Occidental,M
1778775405487.wav,ta'lte qina,M5,Mam_Occidental,M
1778775433173.wav,chinej toj b'e b'a'n q'ij teya,M5,Mam_Occidental,M
1778775454632.wav,chman nim ttnam ichin b'a'n,M5,Mam_Occidental,M
1778775478675.wav,txin kyq'ij toj ja b'ixil tu'n,M5,Mam_Occidental,M
1778775502291.wav,nex txin wa'l toj ja tchman,M5,Mam_Occidental,M
1778775528688.wav,xjal nimq'ij toj tnam ky'iwl,M5,Mam_Occidental,M
1778775572981.wav,nim twitz nim tb'e toj tz'aq,M5,Mam_Occidental,M
1778775594129.wav,q'ij q'aq' toj kyaq'al te' tx'otx',M5,Mam_Occidental,M
1778775639054.wav,ja nim tze'l toj ttxol xjaw,M5,Mam_Occidental,M
1778775658155.wav,q'aq' q'an kub' toj q'ij,M5,Mam_Occidental,M
1778775690181.wav,ẍe te' nim ja txolil tu'n,M5,Mam_Occidental,M
1778775717231.wav,ch'ix b'ey toj txaq te',M5,Mam_Occidental,M
1778775744277.wav,o'x yol toj xjaw nim jil,M5,Mam_Occidental,M
1778775768959.wav,wa'l toj ja atz'am yol tb'aq,M5,Mam_Occidental,M
1778775791494.wav,ko'ya nim b'a'n toj wa',M5,Mam_Occidental,M
1778775813462.wav,tz'ib'il yol q'ij toj u'j,M5,Mam_Occidental,M
1778775851066.wav,k'a'chil wa' jun ichin nim,M5,Mam_Occidental,M
1778775875040.wav,b'ixi tze'l wa'l rinil toj q'ij,M5,Mam_Occidental,M
1778775899189.wav,tnam nim pujb'il yol mam tz'ib'il,M5,Mam_Occidental,M
1778775921738.wav,xnaq'tzb'il toj tnam b'a'n tu'n,M5,Mam_Occidental,M
1778775942285.wav,kawb'il maya yol nim b'a'n,M5,Mam_Occidental,M
1778775961656.wav,k'ayil toj k'ayb'il xjal b'a'n,M5,Mam_Occidental,M
1778775983359.wav,nejnel te tnam nimb'il tu'n,M5,Mam_Occidental,M
1778776006296.wav,xnaq'tzen tu'n xjal xnaq'tzan,M5,Mam_Occidental,M
1778776025495.wav,txolb'il b'e toj nim tnam,M5,Mam_Occidental,M
1778776056243.wav,jun q'ij kab'e q'ij oxe q'ij,M5,Mam_Occidental,M
1778776075338.wav,jwe' xjaw qaq q'ij wuq b'e,M5,Mam_Occidental,M
1778776095070.wav,wajxaq b'elaj laj junk'al,M5,Mam_Occidental,M
1778776120126.wav,nchi'j q'ij neq'chil toj tnam,M5,Mam_Occidental,M
1778776141813.wav,xjan q'ij nim q'ij te b'a'n,M5,Mam_Occidental,M
1778776166006.wav,b'etil toj nim b'e rinil kub',M5,Mam_Occidental,M
1778776187568.wav,tz'ib'il tu'n u'jil tu'n b'a'n,M5,Mam_Occidental,M
1778776212618.wav,k'lol txolb'il nimil tu'n,M5,Mam_Occidental,M
1778776242505.wav,niky'il yol tu'n ichin nim,M5,Mam_Occidental,M
1778776263808.wav,tze'l b'ixil b'itzi toj q'ij,M5,Mam_Occidental,M
1778776368867.wav,ky'aq xjal k'ixb'len yib'aj,M5,Mam_Occidental,M
1778776391793.wav,k'oj b'a'n toj twitz ichin,M5,Mam_Occidental,M
1778776417713.wav,t'uj b'a'n tu'n xob'sil ma',M5,Mam_Occidental,M
1778776441377.wav,ky'il ku'j k'asil b'a'n,M5,Mam_Occidental,M
1778776464807.wav,q'ij mam nim q'ij te ky'iwl,M5,Mam_Occidental,M
1778776485055.wav,nimb'il mam toj tnam b'a'n yol,M5,Mam_Occidental,M
1778776507551.wav,txin b'ixil q'ij toj kyaq'al,M5,Mam_Occidental,M
1778776532131.wav,q'aq' b'a'n toj ky'iwl te te',M5,Mam_Occidental,M
1778776555380.wav,tz'ib'il mam yol tx'amsil tu'n,M5,Mam_Occidental,M
1778776577650.wav,chjonte tu'n yol mam b'a'n tib',M5,Mam_Occidental,M
1778776597797.wav,b'a'nkyulena toj yol mam chinej,M5,Mam_Occidental,M
1778776768165.wav,b'a'nkyulena b'a'ntz q'ij,M6,Mam_Occidental,F
1778776795027.wav,chin q'olb'ene ja'tzunte,M6,Mam_Occidental,F
1778776853532.wav,b'a'n chjonte toj twitz,M6,Mam_Occidental,F
1778776875096.wav,qa'lte ti' b'a'n te tib'a,M6,Mam_Occidental,F
1778776908101.wav,chinej toj b'e b'a'n q'ij teya,M6,Mam_Occidental,F
1778776928557.wav,ta'lte qina,M6,Mam_Occidental,F
1778776956356.wav,chman nim ttnam ichin b'a'n,M6,Mam_Occidental,F
1778776977575.wav,txin kyq'ij toj ja b'ixil tu'n,M6,Mam_Occidental,F
1778776997041.wav,nex txin wa'l toj ja tchman,M6,Mam_Occidental,F
1778777024524.wav,xjal nimq'ij toj tnam ky'iwl,M6,Mam_Occidental,F
1778777047475.wav,nim twitz nim tb'e toj tz'aq,M6,Mam_Occidental,F
1778777071464.wav,q'ij q'aq' toj kyaq'al te' tx'otx',M6,Mam_Occidental,F
1778777118111.wav,ja nim tze'l toj ttxol xjaw,M6,Mam_Occidental,F
1778777153422.wav,q'aq' q'an kub' toj q'ij,M6,Mam_Occidental,F
1778777176237.wav,ẍe te' nim ja txolil tu'n,M6,Mam_Occidental,F
1778777198042.wav,ch'ix b'ey toj txaq te',M6,Mam_Occidental,F
1778777230526.wav,o'x yol toj xjaw nim jil,M6,Mam_Occidental,F
1778777256124.wav,wa'l toj ja atz'am yol tb'aq,M6,Mam_Occidental,F
1778777283696.wav,ko'ya nim b'a'n toj wa',M6,Mam_Occidental,F
1778777304204.wav,tz'ib'il yol q'ij toj u'j,M6,Mam_Occidental,F
1778777340520.wav,k'a'chil wa' jun ichin nim,M6,Mam_Occidental,F
1778777366229.wav,b'ixi tze'l wa'l rinil toj q'ij,M6,Mam_Occidental,F
1778777387421.wav,tnam nim pujb'il yol mam tz'ib'il,M6,Mam_Occidental,F
1778777413182.wav,xnaq'tzb'il toj tnam b'a'n tu'n,M6,Mam_Occidental,F
1778777439132.wav,kawb'il maya yol nim b'a'n,M6,Mam_Occidental,F
1778777463003.wav,k'ayil toj k'ayb'il xjal b'a'n,M6,Mam_Occidental,F
1778777484079.wav,nejnel te tnam nimb'il tu'n,M6,Mam_Occidental,F
1778777519929.wav,xnaq'tzen tu'n xjal xnaq'tzan,M6,Mam_Occidental,F
1778777542731.wav,txolb'il b'e toj nim tnam,M6,Mam_Occidental,F
1778777564204.wav,jun q'ij kab'e q'ij oxe q'ij,M6,Mam_Occidental,F
1778777585903.wav,jwe' xjaw qaq q'ij wuq b'e,M6,Mam_Occidental,F
1778777606321.wav,wajxaq b'elaj laj junk'al,M6,Mam_Occidental,F
1778777634825.wav,nchi'j q'ij neq'chil toj tnam,M6,Mam_Occidental,F
1778777655114.wav,xjan q'ij nim q'ij te b'a'n,M6,Mam_Occidental,F
1778777679026.wav,b'etil toj nim b'e rinil kub',M6,Mam_Occidental,F
1778777704153.wav,tz'ib'il tu'n u'jil tu'n b'a'n,M6,Mam_Occidental,F
1778777740020.wav,k'lol txolb'il nimil tu'n,M6,Mam_Occidental,F
1778777777302.wav,niky'il yol tu'n ichin nim,M6,Mam_Occidental,F
1778777798831.wav,tze'l b'ixil b'itzi toj q'ij,M6,Mam_Occidental,F
1778777840857.wav,ky'aq xjal k'ixb'len yib'aj,M6,Mam_Occidental,F
1778777866257.wav,k'oj b'a'n toj twitz ichin,M6,Mam_Occidental,F
1778777889206.wav,t'uj b'a'n tu'n xob'sil ma',M6,Mam_Occidental,F
1778777910981.wav,ky'il ku'j k'asil b'a'n,M6,Mam_Occidental,F
1778777934582.wav,q'ij mam nim q'ij te ky'iwl,M6,Mam_Occidental,F
1778777957820.wav,nimb'il mam toj tnam b'a'n yol,M6,Mam_Occidental,F
1778777985768.wav,txin b'ixil q'ij toj kyaq'al,M6,Mam_Occidental,F
1778778012462.wav,q'aq' b'a'n toj ky'iwl te te',M6,Mam_Occidental,F
1778778046398.wav,tz'ib'il mam yol tx'amsil tu'n,M6,Mam_Occidental,F
1778778068249.wav,chjonte tu'n yol mam b'a'n tib',M6,Mam_Occidental,F
1778778086970.wav,b'a'nkyulena toj yol mam chinej,M6,Mam_Occidental,F
1778778408742.wav,b'a'nkyulena b'a'ntz q'ij,M7,Mam_Occidental,M
1778778431971.wav,chin q'olb'ene ja'tzunte,M7,Mam_Occidental,M
1778778452757.wav,b'a'n chjonte toj twitz,M7,Mam_Occidental,M
1778778475799.wav,qa'lte ti' b'a'n te tib'a,M7,Mam_Occidental,M
1778778494245.wav,ta'lte qina,M7,Mam_Occidental,M
1778778514580.wav,chinej toj b'e b'a'n q'ij teya,M7,Mam_Occidental,M
1778778534404.wav,chman nim ttnam ichin b'a'n,M7,Mam_Occidental,M
1778778552608.wav,txin kyq'ij toj ja b'ixil tu'n,M7,Mam_Occidental,M
1778778574048.wav,nex txin wa'l toj ja tchman,M7,Mam_Occidental,M
1778778598097.wav,xjal nimq'ij toj tnam ky'iwl,M7,Mam_Occidental,M
1778778623190.wav,nim twitz nim tb'e toj tz'aq,M7,Mam_Occidental,M
1778778650702.wav,q'ij q'aq' toj kyaq'al te' tx'otx',M7,Mam_Occidental,M
1778778674233.wav,ja nim tze'l toj ttxol xjaw,M7,Mam_Occidental,M
1778778697254.wav,q'aq' q'an kub' toj q'ij,M7,Mam_Occidental,M
1778778725393.wav,ẍe te' nim ja txolil tu'n,M7,Mam_Occidental,M
1778778750816.wav,ch'ix b'ey toj txaq te',M7,Mam_Occidental,M
1778778772311.wav,o'x yol toj xjaw nim jil,M7,Mam_Occidental,M
1778778808971.wav,wa'l toj ja atz'am yol tb'aq,M7,Mam_Occidental,M
1778778830672.wav,ko'ya nim b'a'n toj wa',M7,Mam_Occidental,M
1778778856584.wav,tz'ib'il yol q'ij toj u'j,M7,Mam_Occidental,M
1778778877568.wav,k'a'chil wa' jun ichin nim,M7,Mam_Occidental,M
1778778899429.wav,b'ixi tze'l wa'l rinil toj q'ij,M7,Mam_Occidental,M
1778778919671.wav,tnam nim pujb'il yol mam tz'ib'il,M7,Mam_Occidental,M
1778778938070.wav,xnaq'tzb'il toj tnam b'a'n tu'n,M7,Mam_Occidental,M
1778778957451.wav,kawb'il maya yol nim b'a'n,M7,Mam_Occidental,M
1778779084046.wav,k'ayil toj k'ayb'il xjal b'a'n,M7,Mam_Occidental,M
1778779103885.wav,nejnel te tnam nimb'il tu'n,M7,Mam_Occidental,M
1778779123637.wav,xnaq'tzen tu'n xjal xnaq'tzan,M7,Mam_Occidental,M
1778779142258.wav,txolb'il b'e toj nim tnam,M7,Mam_Occidental,M
1778779161149.wav,jun q'ij kab'e q'ij oxe q'ij,M7,Mam_Occidental,M
1778779180801.wav,jwe' xjaw qaq q'ij wuq b'e,M7,Mam_Occidental,M
1778779201617.wav,wajxaq b'elaj laj junk'al,M7,Mam_Occidental,M
1778779224063.wav,nchi'j q'ij neq'chil toj tnam,M7,Mam_Occidental,M
1778779243126.wav,xjan q'ij nim q'ij te b'a'n,M7,Mam_Occidental,M
1778779262852.wav,b'etil toj nim b'e rinil kub',M7,Mam_Occidental,M
1778779283137.wav,tz'ib'il tu'n u'jil tu'n b'a'n,M7,Mam_Occidental,M
1778779310791.wav,k'lol txolb'il nimil tu'n,M7,Mam_Occidental,M
1778779332282.wav,niky'il yol tu'n ichin nim,M7,Mam_Occidental,M
1778779352021.wav,tze'l b'ixil b'itzi toj q'ij,M7,Mam_Occidental,M
1778779382875.wav,ky'aq xjal k'ixb'len yib'aj,M7,Mam_Occidental,M
1778779404210.wav,k'oj b'a'n toj twitz ichin,M7,Mam_Occidental,M
1778779428268.wav,t'uj b'a'n tu'n xob'sil ma',M7,Mam_Occidental,M
1778779451585.wav,ky'il ku'j k'asil b'a'n,M7,Mam_Occidental,M
1778779476246.wav,q'ij mam nim q'ij te ky'iwl,M7,Mam_Occidental,M
1778779498431.wav,nimb'il mam toj tnam b'a'n yol,M7,Mam_Occidental,M
1778779517905.wav,txin b'ixil q'ij toj kyaq'al,M7,Mam_Occidental,M
1778779543055.wav,q'aq' b'a'n toj ky'iwl te te',M7,Mam_Occidental,M
1778779566461.wav,tz'ib'il mam yol tx'amsil tu'n,M7,Mam_Occidental,M
1778779586892.wav,chjonte tu'n yol mam b'a'n tib',M7,Mam_Occidental,M
1778779605898.wav,b'a'nkyulena toj yol mam chinej,M7,Mam_Occidental,M
1778794245227.wav,b'a'nkyulena b'a'ntz q'ij,M8,Mam_Occidental,M
1778794290413.wav,chin q'olb'ene ja'tzunte,M8,Mam_Occidental,M
1778794319126.wav,b'a'n chjonte toj twitz,M8,Mam_Occidental,M
1778794341004.wav,qa'lte ti' b'a'n te tib'a,M8,Mam_Occidental,M
1778794370448.wav,ta'lte qina,M8,Mam_Occidental,M
1778794405076.wav,chinej toj b'e b'a'n q'ij teya,M8,Mam_Occidental,M
1778794436660.wav,chman nim ttnam ichin b'a'n,M8,Mam_Occidental,M
1778794471620.wav,txin kyq'ij toj ja b'ixil tu'n,M8,Mam_Occidental,M
1778794491834.wav,nex txin wa'l toj ja tchman,M8,Mam_Occidental,M
1778794525147.wav,xjal nimq'ij toj tnam ky'iwl,M8,Mam_Occidental,M
1778794562024.wav,nim twitz nim tb'e toj tz'aq,M8,Mam_Occidental,M
1778794584548.wav,q'ij q'aq' toj kyaq'al te' tx'otx',M8,Mam_Occidental,M
1778794614123.wav,ja nim tze'l toj ttxol xjaw,M8,Mam_Occidental,M
1778794637769.wav,q'aq' q'an kub' toj q'ij,M8,Mam_Occidental,M
1778794659706.wav,ẍe te' nim ja txolil tu'n,M8,Mam_Occidental,M
1778794683066.wav,ch'ix b'ey toj txaq te',M8,Mam_Occidental,M
1778794704794.wav,o'x yol toj xjaw nim jil,M8,Mam_Occidental,M
1778794742172.wav,wa'l toj ja atz'am yol tb'aq,M8,Mam_Occidental,M
1778794765415.wav,ko'ya nim b'a'n toj wa',M8,Mam_Occidental,M
1778794784348.wav,tz'ib'il yol q'ij toj u'j,M8,Mam_Occidental,M
1778794824618.wav,k'a'chil wa' jun ichin nim,M8,Mam_Occidental,M
1778794872653.wav,b'ixi tze'l wa'l rinil toj q'ij,M8,Mam_Occidental,M
1778794896203.wav,tnam nim pujb'il yol mam tz'ib'il,M8,Mam_Occidental,M
1778794917078.wav,xnaq'tzb'il toj tnam b'a'n tu'n,M8,Mam_Occidental,M
1778794939064.wav,kawb'il maya yol nim b'a'n,M8,Mam_Occidental,M
1778794960963.wav,k'ayil toj k'ayb'il xjal b'a'n,M8,Mam_Occidental,M
1778794985711.wav,nejnel te tnam nimb'il tu'n,M8,Mam_Occidental,M
1778795008571.wav,xnaq'tzen tu'n xjal xnaq'tzan,M8,Mam_Occidental,M
1778795028725.wav,txolb'il b'e toj nim tnam,M8,Mam_Occidental,M
1778795054957.wav,jun q'ij kab'e q'ij oxe q'ij,M8,Mam_Occidental,M
1778795076268.wav,jwe' xjaw qaq q'ij wuq b'e,M8,Mam_Occidental,M
1778795101666.wav,wajxaq b'elaj laj junk'al,M8,Mam_Occidental,M
1778795123223.wav,nchi'j q'ij neq'chil toj tnam,M8,Mam_Occidental,M
1778795144869.wav,xjan q'ij nim q'ij te b'a'n,M8,Mam_Occidental,M
1778795167517.wav,b'etil toj nim b'e rinil kub',M8,Mam_Occidental,M
1778795190770.wav,tz'ib'il tu'n u'jil tu'n b'a'n,M8,Mam_Occidental,M
1778795215767.wav,k'lol txolb'il nimil tu'n,M8,Mam_Occidental,M
1778795246115.wav,niky'il yol tu'n ichin nim,M8,Mam_Occidental,M
1778795269539.wav,tze'l b'ixil b'itzi toj q'ij,M8,Mam_Occidental,M
1778795306603.wav,ky'aq xjal k'ixb'len yib'aj,M8,Mam_Occidental,M
1778795331937.wav,k'oj b'a'n toj twitz ichin,M8,Mam_Occidental,M
1778795363456.wav,t'uj b'a'n tu'n xob'sil ma',M8,Mam_Occidental,M
1778795387616.wav,ky'il ku'j k'asil b'a'n,M8,Mam_Occidental,M
1778795414401.wav,q'ij mam nim q'ij te ky'iwl,M8,Mam_Occidental,M
1778795439985.wav,nimb'il mam toj tnam b'a'n yol,M8,Mam_Occidental,M
1778795526871.wav,txin b'ixil q'ij toj kyaq'al,M8,Mam_Occidental,M
1778795559290.wav,q'aq' b'a'n toj ky'iwl te te',M8,Mam_Occidental,M
1778795597271.wav,tz'ib'il mam yol tx'amsil tu'n,M8,Mam_Occidental,M
1778795619500.wav,chjonte tu'n yol mam b'a'n tib',M8,Mam_Occidental,M
1778795642241.wav,b'a'nkyulena toj yol mam chinej,M8,Mam_Occidental,M
1778976493437.wav,b'a'nkyulena b'a'ntz q'ij,X1,Mam_Occidental,M
1778976529003.wav,chin q'olb'ene ja'tzunte,X1,Mam_Occidental,M
1778976553619.wav,b'a'n chjonte toj twitz,X1,Mam_Occidental,M
1778976614054.wav,qa'lte ti' b'a'n te tib'a,X1,Mam_Occidental,M
1778976630756.wav,ta'lte qina,X1,Mam_Occidental,M
1778976652018.wav,chinej toj b'e b'a'n q'ij teya,X1,Mam_Occidental,M
1778976674920.wav,chman nim ttnam ichin b'a'n,X1,Mam_Occidental,M
1778976698951.wav,txin kyq'ij toj ja b'ixil tu'n,X1,Mam_Occidental,M
1778976718612.wav,nex txin wa'l toj ja tchman,X1,Mam_Occidental,M
1778976777856.wav,xjal nimq'ij toj tnam ky'iwl,X1,Mam_Occidental,M
1778976823076.wav,nim twitz nim tb'e toj tz'aq,X1,Mam_Occidental,M
1778976856503.wav,q'ij q'aq' toj kyaq'al te' tx'otx',X1,Mam_Occidental,M
1778976887941.wav,ja nim tze'l toj ttxol xjaw,X1,Mam_Occidental,M
1778976913046.wav,q'aq' q'an kub' toj q'ij,X1,Mam_Occidental,M
1778976942763.wav,ẍe te' nim ja txolil tu'n,X1,Mam_Occidental,M
1778977046582.wav,ch'ix b'ey toj txaq te',X1,Mam_Occidental,M
1778977080247.wav,o'x yol toj xjaw nim jil,X1,Mam_Occidental,M
1778977149482.wav,wa'l toj ja atz'am yol tb'aq,X1,Mam_Occidental,M
1778977180692.wav,ko'ya nim b'a'n toj wa',X1,Mam_Occidental,M
1778977205337.wav,tz'ib'il yol q'ij toj u'j,X1,Mam_Occidental,M
1778977238686.wav,k'a'chil wa' jun ichin nim,X1,Mam_Occidental,M
1778977274613.wav,b'ixi tze'l wa'l rinil toj q'ij,X1,Mam_Occidental,M
1778977301969.wav,tnam nim pujb'il yol mam tz'ib'il,X1,Mam_Occidental,M
1778977333395.wav,xnaq'tzb'il toj tnam b'a'n tu'n,X1,Mam_Occidental,M
1778977359905.wav,kawb'il maya yol nim b'a'n,X1,Mam_Occidental,M
1778977410755.wav,k'ayil toj k'ayb'il xjal b'a'n,X1,Mam_Occidental,M
1778977501683.wav,nejnel te tnam nimb'il tu'n,X1,Mam_Occidental,M
1778977534757.wav,xnaq'tzen tu'n xjal xnaq'tzan,X1,Mam_Occidental,M
1778977575080.wav,txolb'il b'e toj nim tnam,X1,Mam_Occidental,M
1778977601628.wav,jun q'ij kab'e q'ij oxe q'ij,X1,Mam_Occidental,M
1778977628627.wav,jwe' xjaw qaq q'ij wuq b'e,X1,Mam_Occidental,M
1778977658035.wav,wajxaq b'elaj laj junk'al,X1,Mam_Occidental,M
1778977703681.wav,nchi'j q'ij neq'chil toj tnam,X1,Mam_Occidental,M
1778977731363.wav,xjan q'ij nim q'ij te b'a'n,X1,Mam_Occidental,M
1778977755234.wav,b'etil toj nim b'e rinil kub',X1,Mam_Occidental,M
1778977784161.wav,tz'ib'il tu'n u'jil tu'n b'a'n,X1,Mam_Occidental,M
1778977815403.wav,k'lol txolb'il nimil tu'n,X1,Mam_Occidental,M
1778977848054.wav,niky'il yol tu'n ichin nim,X1,Mam_Occidental,M
1778977876489.wav,tze'l b'ixil b'itzi toj q'ij,X1,Mam_Occidental,M
1778977952813.wav,ky'aq xjal k'ixb'len yib'aj,X1,Mam_Occidental,M
1778978006202.wav,k'oj b'a'n toj twitz ichin,X1,Mam_Occidental,M
1778978042602.wav,t'uj b'a'n tu'n xob'sil ma',X1,Mam_Occidental,M
1778978103368.wav,ky'il ku'j k'asil b'a'n,X1,Mam_Occidental,M
1778978137647.wav,q'ij mam nim q'ij te ky'iwl,X1,Mam_Occidental,M
1778978193222.wav,nimb'il mam toj tnam b'a'n yol,X1,Mam_Occidental,M
1778978312971.wav,txin b'ixil q'ij toj kyaq'al,X1,Mam_Occidental,M
1778978363630.wav,q'aq' b'a'n toj ky'iwl te te',X1,Mam_Occidental,M
1778978405182.wav,tz'ib'il mam yol tx'amsil tu'n,X1,Mam_Occidental,M
1778978438852.wav,chjonte tu'n yol mam b'a'n tib',X1,Mam_Occidental,M
1778978469447.wav,b'a'nkyulena toj yol mam chinej,X1,Mam_Occidental,M
1778978639143.wav,b'a'nkyulena b'a'ntz q'ij,Y1,Mam_Occidental,F
1778978668751.wav,chin q'olb'ene ja'tzunte,Y1,Mam_Occidental,F
1778978693814.wav,b'a'n chjonte toj twitz,Y1,Mam_Occidental,F
1778978719636.wav,qa'lte ti' b'a'n te tib'a,Y1,Mam_Occidental,F
1778978738995.wav,ta'lte qina,Y1,Mam_Occidental,F
1778978773767.wav,chinej toj b'e b'a'n q'ij teya,Y1,Mam_Occidental,F
1778978800422.wav,chman nim ttnam ichin b'a'n,Y1,Mam_Occidental,F
1778978823578.wav,txin kyq'ij toj ja b'ixil tu'n,Y1,Mam_Occidental,F
1778978865072.wav,nex txin wa'l toj ja tchman,Y1,Mam_Occidental,F
1778978895731.wav,xjal nimq'ij toj tnam ky'iwl,Y1,Mam_Occidental,F
1778978950494.wav,nim twitz nim tb'e toj tz'aq,Y1,Mam_Occidental,F
1778978989381.wav,q'ij q'aq' toj kyaq'al te' tx'otx',Y1,Mam_Occidental,F
1778979020247.wav,ja nim tze'l toj ttxol xjaw,Y1,Mam_Occidental,F
1778979045581.wav,q'aq' q'an kub' toj q'ij,Y1,Mam_Occidental,F
1778979157108.wav,ẍe te' nim ja txolil tu'n,Y1,Mam_Occidental,F
1778979210859.wav,ch'ix b'ey toj txaq te',Y1,Mam_Occidental,F
1778979383387.wav,o'x yol toj xjaw nim jil,Y1,Mam_Occidental,F
1778979412996.wav,wa'l toj ja atz'am yol tb'aq,Y1,Mam_Occidental,F
1778979444437.wav,ko'ya nim b'a'n toj wa',Y1,Mam_Occidental,F
1778979473202.wav,tz'ib'il yol q'ij toj u'j,Y1,Mam_Occidental,F
1778979498876.wav,k'a'chil wa' jun ichin nim,Y1,Mam_Occidental,F
1778979536298.wav,b'ixi tze'l wa'l rinil toj q'ij,Y1,Mam_Occidental,F
1778979561483.wav,tnam nim pujb'il yol mam tz'ib'il,Y1,Mam_Occidental,F
1778979588478.wav,xnaq'tzb'il toj tnam b'a'n tu'n,Y1,Mam_Occidental,F
1778979613006.wav,kawb'il maya yol nim b'a'n,Y1,Mam_Occidental,F
1778979637659.wav,k'ayil toj k'ayb'il xjal b'a'n,Y1,Mam_Occidental,F
1778979668274.wav,nejnel te tnam nimb'il tu'n,Y1,Mam_Occidental,F
1778979691183.wav,xnaq'tzen tu'n xjal xnaq'tzan,Y1,Mam_Occidental,F
1778979711601.wav,txolb'il b'e toj nim tnam,Y1,Mam_Occidental,F
1778979732303.wav,jun q'ij kab'e q'ij oxe q'ij,Y1,Mam_Occidental,F
1778979754419.wav,jwe' xjaw qaq q'ij wuq b'e,Y1,Mam_Occidental,F
1778979776723.wav,wajxaq b'elaj laj junk'al,Y1,Mam_Occidental,F
1778979801324.wav,nchi'j q'ij neq'chil toj tnam,Y1,Mam_Occidental,F
1778979825975.wav,xjan q'ij nim q'ij te b'a'n,Y1,Mam_Occidental,F
1778979851256.wav,b'etil toj nim b'e rinil kub',Y1,Mam_Occidental,F
1778979873580.wav,tz'ib'il tu'n u'jil tu'n b'a'n,Y1,Mam_Occidental,F
1778979941664.wav,k'lol txolb'il nimil tu'n,Y1,Mam_Occidental,F
1778979965362.wav,niky'il yol tu'n ichin nim,Y1,Mam_Occidental,F
1778979996569.wav,tze'l b'ixil b'itzi toj q'ij,Y1,Mam_Occidental,F
1778980031540.wav,ky'aq xjal k'ixb'len yib'aj,Y1,Mam_Occidental,F
1778980056741.wav,k'oj b'a'n toj twitz ichin,Y1,Mam_Occidental,F
1778980098513.wav,t'uj b'a'n tu'n xob'sil ma',Y1,Mam_Occidental,F
1778980127781.wav,ky'il ku'j k'asil b'a'n,Y1,Mam_Occidental,F
1778980155547.wav,q'ij mam nim q'ij te ky'iwl,Y1,Mam_Occidental,F
1778980186288.wav,nimb'il mam toj tnam b'a'n yol,Y1,Mam_Occidental,F
1778980211761.wav,txin b'ixil q'ij toj kyaq'al,Y1,Mam_Occidental,F
1778980237960.wav,q'aq' b'a'n toj ky'iwl te te',Y1,Mam_Occidental,F
1778980263381.wav,tz'ib'il mam yol tx'amsil tu'n,Y1,Mam_Occidental,F
1778980284267.wav,chjonte tu'n yol mam b'a'n tib',Y1,Mam_Occidental,F
1778980308424.wav,b'a'nkyulena toj yol mam chinej,Y1,Mam_Occidental,F
