"speaker_id";"gender";"dialect_variant";"codigo_frase";"audio_file";"_uuid";"meta/rootUuid"
"M1";"Masculino";"Mam Occidental";"M_001";"1778631069345.m4a";"727ef106-225f-4d2d-b6d0-f288cd0f7d58";"uuid:727ef106-225f-4d2d-b6d0-f288cd0f7d58"
"M1";"Masculino";"Mam Occidental";"M_002";"1778631101676.m4a";"ed9b7724-a47f-4f4c-a080-3bcbbe76b1df";"uuid:ed9b7724-a47f-4f4c-a080-3bcbbe76b1df"
"M1";"Masculino";"Mam Occidental";"M_003";"1778631127113.m4a";"f4b56488-2059-447f-940c-37562fd5a881";"uuid:f4b56488-2059-447f-940c-37562fd5a881"
"M1";"Masculino";"Mam Occidental";"M_004";"1778631154190.m4a";"6874d02c-2dd3-4b5c-94fb-667cb76a2424";"uuid:6874d02c-2dd3-4b5c-94fb-667cb76a2424"
"M1";"Masculino";"Mam Occidental";"M_005";"1778631195651.m4a";"5962d41b-c698-45d6-b113-8db745bde535";"uuid:5962d41b-c698-45d6-b113-8db745bde535"
"M1";"Masculino";"Mam Occidental";"M_006";"1778631224290.m4a";"0e62b5d2-9c23-4414-9597-377522ef82ed";"uuid:0e62b5d2-9c23-4414-9597-377522ef82ed"
"M1";"Masculino";"Mam Occidental";"M_007";"1778631260669.m4a";"66c72867-c80e-4431-8ff5-a925019ae5fc";"uuid:66c72867-c80e-4431-8ff5-a925019ae5fc"
"M1";"Masculino";"Mam Occidental";"M_008";"1778631289835.m4a";"1d633508-0e41-4c9b-b118-2106e56c9d65";"uuid:1d633508-0e41-4c9b-b118-2106e56c9d65"
"M1";"Masculino";"Mam Occidental";"M_009";"1778631317139.m4a";"545f3a4c-019b-48aa-8ee8-bc54145eea8a";"uuid:545f3a4c-019b-48aa-8ee8-bc54145eea8a"
"M1";"Masculino";"Mam Occidental";"M_010";"1778631342942.m4a";"035a7d2c-d1c7-4680-9ac0-bd5ff059db7b";"uuid:035a7d2c-d1c7-4680-9ac0-bd5ff059db7b"
"M1";"Masculino";"Mam Occidental";"M_011";"1778631373700.m4a";"f36c7439-adc3-4e69-9a72-c6c96244c2b1";"uuid:f36c7439-adc3-4e69-9a72-c6c96244c2b1"
"M1";"Masculino";"Mam Occidental";"M_012";"1778631449777.m4a";"8b49fac5-545a-4531-834a-d520c4452fbe";"uuid:8b49fac5-545a-4531-834a-d520c4452fbe"
"M1";"Masculino";"Mam Occidental";"M_013";"1778631478895.m4a";"c3b63e3f-aafd-4d5c-8454-94e3123fabfa";"uuid:c3b63e3f-aafd-4d5c-8454-94e3123fabfa"
"M1";"Masculino";"Mam Occidental";"M_014";"1778631501614.m4a";"cb4bf02b-8978-4f40-b947-c6503f083d38";"uuid:cb4bf02b-8978-4f40-b947-c6503f083d38"
"M1";"Masculino";"Mam Occidental";"M_015";"1778631531114.m4a";"dad71dcf-518c-45ea-869e-1d5358e45b6c";"uuid:dad71dcf-518c-45ea-869e-1d5358e45b6c"
"M1";"Masculino";"Mam Occidental";"M_016";"1778631561949.m4a";"1b6955ec-1b5a-4b85-b9bd-c8a315642231";"uuid:1b6955ec-1b5a-4b85-b9bd-c8a315642231"
"M1";"Masculino";"Mam Occidental";"M_017";"1778631586368.m4a";"87c58edd-c1de-42c0-bab2-9346f032c660";"uuid:87c58edd-c1de-42c0-bab2-9346f032c660"
"M1";"Masculino";"Mam Occidental";"M_018";"1778631612717.m4a";"d3d66368-20e2-4b1b-a552-11c9a73538e2";"uuid:d3d66368-20e2-4b1b-a552-11c9a73538e2"
"M1";"Masculino";"Mam Occidental";"M_019";"1778631642047.m4a";"e7a93087-324c-4d91-9671-cdb753588796";"uuid:e7a93087-324c-4d91-9671-cdb753588796"
"M1";"Masculino";"Mam Occidental";"M_020";"1778631666593.m4a";"d67dcfc1-52b2-49a7-951c-4c44b99ef75c";"uuid:d67dcfc1-52b2-49a7-951c-4c44b99ef75c"
"M1";"Masculino";"Mam Occidental";"M_021";"1778631692375.m4a";"0381a76c-089c-47cd-a711-6530f17c78ed";"uuid:0381a76c-089c-47cd-a711-6530f17c78ed"
"M1";"Masculino";"Mam Occidental";"M_022";"1778631724154.m4a";"68255718-278b-4daa-b8ae-584e91ead656";"uuid:68255718-278b-4daa-b8ae-584e91ead656"
"M1";"Masculino";"Mam Occidental";"M_023";"1778631749371.m4a";"d4ad9ff8-4fac-426a-852e-9863eb746d9f";"uuid:d4ad9ff8-4fac-426a-852e-9863eb746d9f"
"M1";"Masculino";"Mam Occidental";"M_024";"1778631771948.m4a";"8724fcf5-754d-4b44-ab6d-998fce572b3e";"uuid:8724fcf5-754d-4b44-ab6d-998fce572b3e"
"M1";"Masculino";"Mam Occidental";"M_025";"1778631796457.m4a";"c98e2efa-4e2c-4b91-a6f8-371999d31f3c";"uuid:c98e2efa-4e2c-4b91-a6f8-371999d31f3c"
"M1";"Masculino";"Mam Occidental";"M_026";"1778631824851.m4a";"dcca4f07-1709-485b-9c65-deb53c74f83a";"uuid:dcca4f07-1709-485b-9c65-deb53c74f83a"
"M1";"Masculino";"Mam Occidental";"M_027";"1778631851019.m4a";"97969e04-9a5b-4a28-9dc4-160389186635";"uuid:97969e04-9a5b-4a28-9dc4-160389186635"
"M1";"Masculino";"Mam Occidental";"M_028";"1778631875963.m4a";"76e5bdc9-aab6-4f33-9706-24acc2ea9328";"uuid:76e5bdc9-aab6-4f33-9706-24acc2ea9328"
"M1";"Masculino";"Mam Occidental";"M_029";"1778631901265.m4a";"c2bd62c2-8f6c-498b-b3eb-35bc381921d2";"uuid:c2bd62c2-8f6c-498b-b3eb-35bc381921d2"
"M1";"Masculino";"Mam Occidental";"M_030";"1778631931805.m4a";"0d274cb9-354a-4c1e-a6ac-bf0c7681b714";"uuid:0d274cb9-354a-4c1e-a6ac-bf0c7681b714"
"M1";"Masculino";"Mam Occidental";"M_031";"1778631954153.m4a";"73ab21bd-5492-47dc-80f8-3928f2c42b71";"uuid:73ab21bd-5492-47dc-80f8-3928f2c42b71"
"M1";"Masculino";"Mam Occidental";"M_032";"1778631976529.m4a";"4ce7e344-dd3d-452d-914d-6bf28521afab";"uuid:4ce7e344-dd3d-452d-914d-6bf28521afab"
"M1";"Masculino";"Mam Occidental";"M_033";"1778632001406.m4a";"3244ba59-f5c8-44e6-a797-2f106321070e";"uuid:3244ba59-f5c8-44e6-a797-2f106321070e"
"M1";"Masculino";"Mam Occidental";"M_034";"1778632026217.m4a";"88a61544-1828-45c5-b901-95c607d716d9";"uuid:88a61544-1828-45c5-b901-95c607d716d9"
"M1";"Masculino";"Mam Occidental";"M_035";"1778632052685.m4a";"0333622b-a1a2-4214-b299-44c7d9f9485f";"uuid:0333622b-a1a2-4214-b299-44c7d9f9485f"
"M1";"Masculino";"Mam Occidental";"M_036";"1778632078959.m4a";"a19ae9a0-1deb-429c-9747-0bdd97b8a32f";"uuid:a19ae9a0-1deb-429c-9747-0bdd97b8a32f"
"M1";"Masculino";"Mam Occidental";"M_037";"1778632122508.m4a";"84b087f4-bc42-4cc6-a5ea-06cc0c672ba0";"uuid:84b087f4-bc42-4cc6-a5ea-06cc0c672ba0"
"M1";"Masculino";"Mam Occidental";"M_038";"1778632145102.m4a";"6dbfbee2-64b1-4a5b-aafb-92f00c92bfc0";"uuid:6dbfbee2-64b1-4a5b-aafb-92f00c92bfc0"
"M1";"Masculino";"Mam Occidental";"M_039";"1778632171103.m4a";"0b6444ea-6f5b-42f8-85bf-f075413902cf";"uuid:0b6444ea-6f5b-42f8-85bf-f075413902cf"
"M1";"Masculino";"Mam Occidental";"M_040";"1778632196864.m4a";"4f76efcb-cbb5-4b6a-b2e9-1326cd1620c2";"uuid:4f76efcb-cbb5-4b6a-b2e9-1326cd1620c2"
"M1";"Masculino";"Mam Occidental";"M_041";"1778632225719.m4a";"5dea5ef2-2fa5-42b7-85f2-7ff33ca629e8";"uuid:5dea5ef2-2fa5-42b7-85f2-7ff33ca629e8"
"M1";"Masculino";"Mam Occidental";"M_042";"1778632258886.m4a";"90ab1e88-4a89-4d66-bfda-e3bfb2c6f9e1";"uuid:90ab1e88-4a89-4d66-bfda-e3bfb2c6f9e1"
"M1";"Masculino";"Mam Occidental";"M_043";"1778632301909.m4a";"e16c85cc-3d86-4ee3-a90e-6297e781d27f";"uuid:e16c85cc-3d86-4ee3-a90e-6297e781d27f"
"M1";"Masculino";"Mam Occidental";"M_044";"1778632326630.m4a";"7557e6f8-170c-4cd1-a514-4d42aab0cd0b";"uuid:7557e6f8-170c-4cd1-a514-4d42aab0cd0b"
"M1";"Masculino";"Mam Occidental";"M_045";"1778632351077.m4a";"099246f2-ffc2-44e3-a7c8-fdd8a691514e";"uuid:099246f2-ffc2-44e3-a7c8-fdd8a691514e"
"M1";"Masculino";"Mam Occidental";"M_046";"1778632376392.m4a";"313709d4-13dc-4f9d-8c34-5c36264aa6be";"uuid:313709d4-13dc-4f9d-8c34-5c36264aa6be"
"M1";"Masculino";"Mam Occidental";"M_047";"1778632400785.m4a";"df4aa872-84ed-4209-a96a-c6204dcc1fc7";"uuid:df4aa872-84ed-4209-a96a-c6204dcc1fc7"
"M1";"Masculino";"Mam Occidental";"M_048";"1778632422176.m4a";"8c94a014-d1f1-458d-90cb-215c4ac69aef";"uuid:8c94a014-d1f1-458d-90cb-215c4ac69aef"
"M1";"Masculino";"Mam Occidental";"M_049";"1778632446341.m4a";"1f3ebb30-fda6-4213-94d6-2fce4f55ea3a";"uuid:1f3ebb30-fda6-4213-94d6-2fce4f55ea3a"
"M1";"Masculino";"Mam Occidental";"M_050";"1778632470945.m4a";"3e8154e4-1621-4b1b-8664-1e239e45f39d";"uuid:3e8154e4-1621-4b1b-8664-1e239e45f39d"
"M2";"Femenino";"Mam Occidental";"M_001";"1778632621289.m4a";"d25a606b-c589-4c6e-afa5-9d151a4af9f0";"uuid:d25a606b-c589-4c6e-afa5-9d151a4af9f0"
"M2";"Femenino";"Mam Occidental";"M_002";"1778632640704.m4a";"015e92c5-9f34-47c4-bfc4-de87a0b6fa10";"uuid:015e92c5-9f34-47c4-bfc4-de87a0b6fa10"
"M2";"Femenino";"Mam Occidental";"M_003";"1778632659206.m4a";"0211cdad-aea4-4446-9e49-67a897a5f4f7";"uuid:0211cdad-aea4-4446-9e49-67a897a5f4f7"
"M2";"Femenino";"Mam Occidental";"M_004";"1778632679418.m4a";"920ad5f6-943c-444c-9284-41bcfcc057ec";"uuid:920ad5f6-943c-444c-9284-41bcfcc057ec"
"M2";"Femenino";"Mam Occidental";"M_005";"1778632698576.m4a";"da54f62d-af17-4979-98f8-3ef95e51108b";"uuid:da54f62d-af17-4979-98f8-3ef95e51108b"
"M2";"Femenino";"Mam Occidental";"M_006";"1778632718836.m4a";"15b052cc-dc9f-4b42-8136-82a8365d6a86";"uuid:15b052cc-dc9f-4b42-8136-82a8365d6a86"
"M2";"Femenino";"Mam Occidental";"M_007";"1778632742535.m4a";"34fc9e7f-37fe-4512-8583-b53e65a52ee2";"uuid:34fc9e7f-37fe-4512-8583-b53e65a52ee2"
"M2";"Femenino";"Mam Occidental";"M_008";"1778632767570.m4a";"c62b1324-2ce5-4ff4-83d3-79b4d00bc019";"uuid:c62b1324-2ce5-4ff4-83d3-79b4d00bc019"
"M2";"Femenino";"Mam Occidental";"M_009";"1778632790593.m4a";"d5b36c16-e310-4c5b-a290-3aee578e0b7b";"uuid:d5b36c16-e310-4c5b-a290-3aee578e0b7b"
"M2";"Femenino";"Mam Occidental";"M_010";"1778632814057.m4a";"07de990d-8568-4005-93cb-7a548bd89c8f";"uuid:07de990d-8568-4005-93cb-7a548bd89c8f"
"M2";"Femenino";"Mam Occidental";"M_011";"1778632836700.m4a";"182d1bbb-dba0-41ee-a71c-db01a6ed6e60";"uuid:182d1bbb-dba0-41ee-a71c-db01a6ed6e60"
"M2";"Femenino";"Mam Occidental";"M_012";"1778632858769.m4a";"8f503e1c-6e50-4476-bc72-e8a238cb981d";"uuid:8f503e1c-6e50-4476-bc72-e8a238cb981d"
"M2";"Femenino";"Mam Occidental";"M_013";"1778632879939.m4a";"9b3e62a0-5498-45e6-8e3e-abeb74e4b8ee";"uuid:9b3e62a0-5498-45e6-8e3e-abeb74e4b8ee"
"M2";"Femenino";"Mam Occidental";"M_014";"1778632901190.m4a";"4cccc3b4-ab4a-4897-bb32-4d88e01243b3";"uuid:4cccc3b4-ab4a-4897-bb32-4d88e01243b3"
"M2";"Femenino";"Mam Occidental";"M_015";"1778632924445.m4a";"ca215eb4-e8a9-4e6c-8aaa-707b6ab56330";"uuid:ca215eb4-e8a9-4e6c-8aaa-707b6ab56330"
"M2";"Femenino";"Mam Occidental";"M_016";"1778632946502.m4a";"ba202b7e-4cc4-4198-9a68-9f0b5c7e8233";"uuid:ba202b7e-4cc4-4198-9a68-9f0b5c7e8233"
"M2";"Femenino";"Mam Occidental";"M_017";"1778632969745.m4a";"12f4c65e-feee-428a-af63-e4e511c3c1f7";"uuid:12f4c65e-feee-428a-af63-e4e511c3c1f7"
"M2";"Femenino";"Mam Occidental";"M_018";"1778632995710.m4a";"bd65403f-1e14-4e3d-8277-c35bce0e6f7e";"uuid:bd65403f-1e14-4e3d-8277-c35bce0e6f7e"
"M2";"Femenino";"Mam Occidental";"M_019";"1778633015210.m4a";"1cde7559-800a-4507-b7d4-fd970caa7440";"uuid:1cde7559-800a-4507-b7d4-fd970caa7440"
"M2";"Femenino";"Mam Occidental";"M_020";"1778633036132.m4a";"a067ee8f-b6dd-4363-9b95-258fa67ac38f";"uuid:a067ee8f-b6dd-4363-9b95-258fa67ac38f"
"M2";"Femenino";"Mam Occidental";"M_021";"1778633055168.m4a";"a4dbb24b-acfd-41c3-a1dc-726f4b8242c1";"uuid:a4dbb24b-acfd-41c3-a1dc-726f4b8242c1"
"M2";"Femenino";"Mam Occidental";"M_022";"1778633075781.m4a";"1b5bb702-906d-4300-b650-99da0d5dcb1c";"uuid:1b5bb702-906d-4300-b650-99da0d5dcb1c"
"M2";"Femenino";"Mam Occidental";"M_023";"1778633101261.m4a";"500bf621-76e7-44c7-ba46-9edce7ec7bb6";"uuid:500bf621-76e7-44c7-ba46-9edce7ec7bb6"
"M2";"Femenino";"Mam Occidental";"M_024";"1778633121478.m4a";"97e7ac8a-8a9b-4111-b6a2-c1e7d708c12f";"uuid:97e7ac8a-8a9b-4111-b6a2-c1e7d708c12f"
"M2";"Femenino";"Mam Occidental";"M_025";"1778633141244.m4a";"c465824e-8935-4a9d-b01e-06f9c0f9121c";"uuid:c465824e-8935-4a9d-b01e-06f9c0f9121c"
"M2";"Femenino";"Mam Occidental";"M_026";"1778633162909.m4a";"316d4325-e31e-465f-a649-685ae24eeb77";"uuid:316d4325-e31e-465f-a649-685ae24eeb77"
"M2";"Femenino";"Mam Occidental";"M_027";"1778633186727.m4a";"5e64ae4c-cea7-4a14-a73d-1cd2c791844a";"uuid:5e64ae4c-cea7-4a14-a73d-1cd2c791844a"
"M2";"Femenino";"Mam Occidental";"M_028";"1778633206072.m4a";"f0ccf599-4b17-4d0f-b11d-5e68f8d9f42a";"uuid:f0ccf599-4b17-4d0f-b11d-5e68f8d9f42a"
"M2";"Femenino";"Mam Occidental";"M_029";"1778633231122.m4a";"a824dc56-74ab-450e-be08-c3d1583e1668";"uuid:a824dc56-74ab-450e-be08-c3d1583e1668"
"M2";"Femenino";"Mam Occidental";"M_030";"1778633253161.m4a";"9e095193-a683-49bf-a52f-19377302a986";"uuid:9e095193-a683-49bf-a52f-19377302a986"
"M2";"Femenino";"Mam Occidental";"M_031";"1778633274403.m4a";"bde843fc-f131-48d8-a827-2428a92c6701";"uuid:bde843fc-f131-48d8-a827-2428a92c6701"
"M2";"Femenino";"Mam Occidental";"M_032";"1778633296594.m4a";"33a74bae-4312-4e19-8b50-82db0a20b297";"uuid:33a74bae-4312-4e19-8b50-82db0a20b297"
"M2";"Femenino";"Mam Occidental";"M_033";"1778633315438.m4a";"cbe08e77-b871-4304-8504-c741ecbeecd0";"uuid:cbe08e77-b871-4304-8504-c741ecbeecd0"
"M2";"Femenino";"Mam Occidental";"M_034";"1778633336306.m4a";"b7cf9127-04c1-493e-ac83-fc5e3a5f7ee0";"uuid:b7cf9127-04c1-493e-ac83-fc5e3a5f7ee0"
"M2";"Femenino";"Mam Occidental";"M_035";"1778633357495.m4a";"f987a6c4-ee86-4c1a-99ac-8f025692cd44";"uuid:f987a6c4-ee86-4c1a-99ac-8f025692cd44"
"M2";"Femenino";"Mam Occidental";"M_036";"1778633378031.m4a";"96bad8a1-c057-4bfc-a2c0-3537e39bdda7";"uuid:96bad8a1-c057-4bfc-a2c0-3537e39bdda7"
"M2";"Femenino";"Mam Occidental";"M_037";"1778633400871.m4a";"f3fa44a3-9724-4deb-b9a3-1278de4a5d85";"uuid:f3fa44a3-9724-4deb-b9a3-1278de4a5d85"
"M2";"Femenino";"Mam Occidental";"M_038";"1778633425046.m4a";"69382d20-7149-4eca-8d52-cbadd81213aa";"uuid:69382d20-7149-4eca-8d52-cbadd81213aa"
"M2";"Femenino";"Mam Occidental";"M_039";"1778633447256.m4a";"d8fca988-250b-4a4d-ba86-75b6d9b04846";"uuid:d8fca988-250b-4a4d-ba86-75b6d9b04846"
"M2";"Femenino";"Mam Occidental";"M_040";"1778633472337.m4a";"aa338306-1f52-4f58-96ce-b5f40ece78ea";"uuid:aa338306-1f52-4f58-96ce-b5f40ece78ea"
"M2";"Femenino";"Mam Occidental";"M_041";"1778633500166.m4a";"3bda2522-0baa-41a5-b9f4-acc0edc1a994";"uuid:3bda2522-0baa-41a5-b9f4-acc0edc1a994"
"M2";"Femenino";"Mam Occidental";"M_042";"1778633523586.m4a";"4d8fb11e-a9ee-4fe2-bc6b-966268d70276";"uuid:4d8fb11e-a9ee-4fe2-bc6b-966268d70276"
"M2";"Femenino";"Mam Occidental";"M_043";"1778633545667.m4a";"c00368b9-3ea7-40c5-ab45-7603c2324fc8";"uuid:c00368b9-3ea7-40c5-ab45-7603c2324fc8"
"M2";"Femenino";"Mam Occidental";"M_044";"1778633569172.m4a";"2d45a59d-20df-4ce3-b5b1-c5e90cee39b5";"uuid:2d45a59d-20df-4ce3-b5b1-c5e90cee39b5"
"M2";"Femenino";"Mam Occidental";"M_045";"1778633591574.m4a";"f54c3ce9-ac0c-410f-839d-e0081c67093b";"uuid:f54c3ce9-ac0c-410f-839d-e0081c67093b"
"M2";"Femenino";"Mam Occidental";"M_046";"1778633613893.m4a";"8225538a-24f3-4add-b783-0e985a7cd810";"uuid:8225538a-24f3-4add-b783-0e985a7cd810"
"M2";"Femenino";"Mam Occidental";"M_047";"1778633636026.m4a";"8f7a57d1-81e6-45b1-b8d1-6df271585d68";"uuid:8f7a57d1-81e6-45b1-b8d1-6df271585d68"
"M2";"Femenino";"Mam Occidental";"M_048";"1778633659881.m4a";"88ad2d7d-fc18-4210-9669-029af21b5339";"uuid:88ad2d7d-fc18-4210-9669-029af21b5339"
"M2";"Femenino";"Mam Occidental";"M_049";"1778633681926.m4a";"23bb0d05-8fb3-4fb5-ae0e-f249ec853fbf";"uuid:23bb0d05-8fb3-4fb5-ae0e-f249ec853fbf"
"M2";"Femenino";"Mam Occidental";"M_050";"1778633703635.m4a";"ed1f5de5-365a-45a7-b4fc-9f81878d5548";"uuid:ed1f5de5-365a-45a7-b4fc-9f81878d5548"
"M3";"Femenino";"Mam Occidental";"M_001";"1778771369944.m4a";"8a48092a-6bda-43fc-9fb0-0a8a40a5b8eb";"uuid:8a48092a-6bda-43fc-9fb0-0a8a40a5b8eb"
"M3";"Femenino";"Mam Occidental";"M_002";"1778771395882.m4a";"27e69cad-3a95-4288-aa7f-0ab79db2ddff";"uuid:27e69cad-3a95-4288-aa7f-0ab79db2ddff"
"M3";"Femenino";"Mam Occidental";"M_003";"1778771421961.m4a";"4b0e6569-b475-48fb-919d-106008b1c223";"uuid:4b0e6569-b475-48fb-919d-106008b1c223"
"M3";"Femenino";"Mam Occidental";"M_004";"1778771458280.m4a";"cc3a3676-89d4-48c9-bb7e-df0ef6124ac8";"uuid:cc3a3676-89d4-48c9-bb7e-df0ef6124ac8"
"M3";"Femenino";"Mam Occidental";"M_005";"1778771486678.m4a";"da6e32a7-5408-43f6-9ac9-f0b4321bc430";"uuid:da6e32a7-5408-43f6-9ac9-f0b4321bc430"
"M3";"Femenino";"Mam Occidental";"M_006";"1778771509072.m4a";"0f4c9be7-e6db-4223-a2a0-c0a5f3872ed8";"uuid:0f4c9be7-e6db-4223-a2a0-c0a5f3872ed8"
"M3";"Femenino";"Mam Occidental";"M_007";"1778771537202.m4a";"4c3c3deb-cd5f-48b8-ab4b-e60dbba7163a";"uuid:4c3c3deb-cd5f-48b8-ab4b-e60dbba7163a"
"M3";"Femenino";"Mam Occidental";"M_008";"1778771594478.m4a";"41f47db2-604f-4b99-b76e-4d5cf56498bc";"uuid:41f47db2-604f-4b99-b76e-4d5cf56498bc"
"M3";"Femenino";"Mam Occidental";"M_009";"1778771648300.m4a";"c2c0e522-d7f2-4270-bd8b-178baa711560";"uuid:c2c0e522-d7f2-4270-bd8b-178baa711560"
"M3";"Femenino";"Mam Occidental";"M_010";"1778771673049.m4a";"79ac5280-f037-4a5c-be57-f738ed1ac851";"uuid:79ac5280-f037-4a5c-be57-f738ed1ac851"
"M3";"Femenino";"Mam Occidental";"M_011";"1778771731516.m4a";"d2e6a2e8-b5cc-4ff7-b300-31ee50573df4";"uuid:d2e6a2e8-b5cc-4ff7-b300-31ee50573df4"
"M3";"Femenino";"Mam Occidental";"M_012";"1778771811575.m4a";"e9a10256-56e6-4ab9-bf31-7a5f69070ae3";"uuid:e9a10256-56e6-4ab9-bf31-7a5f69070ae3"
"M3";"Femenino";"Mam Occidental";"M_013";"1778771869344.m4a";"d955ad9f-48d8-4cf2-be37-08ded41fb772";"uuid:d955ad9f-48d8-4cf2-be37-08ded41fb772"
"M3";"Femenino";"Mam Occidental";"M_014";"1778771897654.m4a";"7a919cc5-bed4-4a3c-8aea-fb740cb0e669";"uuid:7a919cc5-bed4-4a3c-8aea-fb740cb0e669"
"M3";"Femenino";"Mam Occidental";"M_015";"1778771931727.m4a";"58627e78-aa5a-4cfc-bccd-b377facd8cb3";"uuid:58627e78-aa5a-4cfc-bccd-b377facd8cb3"
"M3";"Femenino";"Mam Occidental";"M_016";"1778772041983.m4a";"96bd5ba7-5c4a-44a1-91fb-783d42be3b38";"uuid:96bd5ba7-5c4a-44a1-91fb-783d42be3b38"
"M3";"Femenino";"Mam Occidental";"M_017";"1778772083916.m4a";"de1d5094-e479-4218-9772-fd1ef0f95cc1";"uuid:de1d5094-e479-4218-9772-fd1ef0f95cc1"
"M3";"Femenino";"Mam Occidental";"M_018";"1778772112530.m4a";"421cfcce-2550-4669-8d54-e6d48bf15c2d";"uuid:421cfcce-2550-4669-8d54-e6d48bf15c2d"
"M3";"Femenino";"Mam Occidental";"M_019";"1778772142824.m4a";"a43ae8f3-bdb9-4d92-b9aa-07609ad681c5";"uuid:a43ae8f3-bdb9-4d92-b9aa-07609ad681c5"
"M3";"Femenino";"Mam Occidental";"M_020";"1778772173336.m4a";"e46952fc-d146-4ff6-b0e9-469cd6dda42b";"uuid:e46952fc-d146-4ff6-b0e9-469cd6dda42b"
"M3";"Femenino";"Mam Occidental";"M_021";"1778772197074.m4a";"7f780df8-14fe-4ee2-a8ba-765553c4f7ec";"uuid:7f780df8-14fe-4ee2-a8ba-765553c4f7ec"
"M3";"Femenino";"Mam Occidental";"M_022";"1778772225342.m4a";"97ac5ad6-743f-4fdd-863f-2bb49844ebab";"uuid:97ac5ad6-743f-4fdd-863f-2bb49844ebab"
"M3";"Femenino";"Mam Occidental";"M_023";"1778772251879.m4a";"de09d7a9-f840-4713-ba79-9bc4fe1b1edc";"uuid:de09d7a9-f840-4713-ba79-9bc4fe1b1edc"
"M3";"Femenino";"Mam Occidental";"M_024";"1778772276402.m4a";"082d1da2-d3b5-44f0-9e38-00483a011bb9";"uuid:082d1da2-d3b5-44f0-9e38-00483a011bb9"
"M3";"Femenino";"Mam Occidental";"M_025";"1778772302423.m4a";"216d9d6e-497e-412f-95eb-c8ac03d6ed5d";"uuid:216d9d6e-497e-412f-95eb-c8ac03d6ed5d"
"M3";"Femenino";"Mam Occidental";"M_026";"1778772333019.m4a";"b831f218-86f2-4eb7-912e-d6d1d5beb38a";"uuid:b831f218-86f2-4eb7-912e-d6d1d5beb38a"
"M3";"Femenino";"Mam Occidental";"M_027";"1778772356213.m4a";"c475a2c5-db81-483c-ab83-879b0fb0aabb";"uuid:650252dc-cb5b-4f0e-afd8-76bcd45f1275"
"M3";"Femenino";"Mam Occidental";"M_028";"1778772386343.m4a";"48c66282-c3aa-4b1f-acd5-56fe071fd11c";"uuid:48c66282-c3aa-4b1f-acd5-56fe071fd11c"
"M3";"Femenino";"Mam Occidental";"M_029";"1778772407536.m4a";"296a22ac-fe1e-4db3-b09c-6c3af9995710";"uuid:296a22ac-fe1e-4db3-b09c-6c3af9995710"
"M3";"Femenino";"Mam Occidental";"M_030";"1778772429448.m4a";"e7ce42fb-ea13-4c82-8065-6d25c836ff8d";"uuid:e7ce42fb-ea13-4c82-8065-6d25c836ff8d"
"M3";"Femenino";"Mam Occidental";"M_031";"1778772455018.m4a";"2684dadf-a48b-45f2-80c7-e1685ec7a469";"uuid:2684dadf-a48b-45f2-80c7-e1685ec7a469"
"M3";"Femenino";"Mam Occidental";"M_032";"1778772484943.m4a";"c19cb0ab-5fab-4d10-821c-1b9f275248f1";"uuid:c19cb0ab-5fab-4d10-821c-1b9f275248f1"
"M3";"Femenino";"Mam Occidental";"M_033";"1778772520195.m4a";"ffb0772f-5a89-4f2e-a08a-7479957d78d3";"uuid:ffb0772f-5a89-4f2e-a08a-7479957d78d3"
"M3";"Femenino";"Mam Occidental";"M_034";"1778772558879.m4a";"46d7d6e8-0890-4289-bd9b-6a0294f0a35f";"uuid:46d7d6e8-0890-4289-bd9b-6a0294f0a35f"
"M3";"Femenino";"Mam Occidental";"M_035";"1778772585882.m4a";"9cc0e49f-0f23-47a4-9a1d-e430e04cbb0a";"uuid:9cc0e49f-0f23-47a4-9a1d-e430e04cbb0a"
"M3";"Femenino";"Mam Occidental";"M_036";"1778772610794.m4a";"51b3161d-4e74-49f0-8452-66553ce471ad";"uuid:51b3161d-4e74-49f0-8452-66553ce471ad"
"M3";"Femenino";"Mam Occidental";"M_037";"1778772642778.m4a";"4b345f1e-9382-4db1-b242-5a4179a41fe7";"uuid:4b345f1e-9382-4db1-b242-5a4179a41fe7"
"M3";"Femenino";"Mam Occidental";"M_038";"1778772678718.m4a";"3e8272bc-3a3a-495a-af28-68d3cabe2efd";"uuid:3e8272bc-3a3a-495a-af28-68d3cabe2efd"
"M3";"Femenino";"Mam Occidental";"M_039";"1778772716296.m4a";"f97997ad-81b6-4aa9-abbd-ddbcff8e5faa";"uuid:f97997ad-81b6-4aa9-abbd-ddbcff8e5faa"
"M3";"Femenino";"Mam Occidental";"M_040";"1778772762865.m4a";"879805c2-5ae3-4af0-881a-cf9abd3bf97a";"uuid:879805c2-5ae3-4af0-881a-cf9abd3bf97a"
"M3";"Femenino";"Mam Occidental";"M_041";"1778772793068.m4a";"49725526-d719-4609-b0f7-af40dc82d891";"uuid:49725526-d719-4609-b0f7-af40dc82d891"
"M3";"Femenino";"Mam Occidental";"M_042";"1778772825020.m4a";"e644ea03-7ab3-4eaa-968b-50cdb7da9ff3";"uuid:e644ea03-7ab3-4eaa-968b-50cdb7da9ff3"
"M3";"Femenino";"Mam Occidental";"M_043";"1778772860728.m4a";"38e845f5-50db-43f3-8170-efb1f9d64acd";"uuid:38e845f5-50db-43f3-8170-efb1f9d64acd"
"M3";"Femenino";"Mam Occidental";"M_044";"1778772888246.m4a";"ef4350ee-0b31-45db-ac88-f8bd8b400b7f";"uuid:ef4350ee-0b31-45db-ac88-f8bd8b400b7f"
"M3";"Femenino";"Mam Occidental";"M_045";"1778772911593.m4a";"3d32d218-0f6d-46f6-a043-3eef58767ae0";"uuid:3d32d218-0f6d-46f6-a043-3eef58767ae0"
"M3";"Femenino";"Mam Occidental";"M_046";"1778772945333.m4a";"91a962a3-4a5e-407a-a1e9-2aa362303c01";"uuid:91a962a3-4a5e-407a-a1e9-2aa362303c01"
"M3";"Femenino";"Mam Occidental";"M_047";"1778772977986.m4a";"b5001896-81cd-4d3c-a435-01ee985b949d";"uuid:b5001896-81cd-4d3c-a435-01ee985b949d"
"M3";"Femenino";"Mam Occidental";"M_048";"1778773002703.m4a";"aa2e9cc6-8f8c-45de-808b-a5f585daef24";"uuid:aa2e9cc6-8f8c-45de-808b-a5f585daef24"
"M3";"Femenino";"Mam Occidental";"M_049";"1778773025542.m4a";"b5c65fd1-efc4-4a90-afae-c1832d23fa45";"uuid:b5c65fd1-efc4-4a90-afae-c1832d23fa45"
"M3";"Femenino";"Mam Occidental";"M_050";"1778773050838.m4a";"d21c81a5-2885-4efa-bf57-2d4d7489ba67";"uuid:d21c81a5-2885-4efa-bf57-2d4d7489ba67"
"M4";"Femenino";"Mam Occidental";"M_001";"1778773350832.m4a";"8e3b0b6a-8e7b-4f5b-b196-b338eae00d59";"uuid:8e3b0b6a-8e7b-4f5b-b196-b338eae00d59"
"M4";"Femenino";"Mam Occidental";"M_002";"1778773379496.m4a";"d69243ea-89bf-4aba-afed-8616dd76395b";"uuid:d69243ea-89bf-4aba-afed-8616dd76395b"
"M4";"Femenino";"Mam Occidental";"M_003";"1778773396629.m4a";"a6ae0dce-6bca-41f0-8ffe-3ee5a4239872";"uuid:ed3d1abd-f591-472e-ad70-fc9eb56e592c"
"M4";"Femenino";"Mam Occidental";"M_004";"1778773428454.m4a";"dd751496-9e1d-48d7-81e7-cbcba9b6b69f";"uuid:dd751496-9e1d-48d7-81e7-cbcba9b6b69f"
"M4";"Femenino";"Mam Occidental";"M_005";"1778773446623.m4a";"a4007b0b-8e89-4194-be06-92961422fa8c";"uuid:a4007b0b-8e89-4194-be06-92961422fa8c"
"M4";"Femenino";"Mam Occidental";"M_006";"1778773466715.m4a";"fb35e805-6e00-4abc-afec-a37a4941c9f5";"uuid:fb35e805-6e00-4abc-afec-a37a4941c9f5"
"M4";"Femenino";"Mam Occidental";"M_007";"1778773523559.m4a";"105c5f9c-b948-4104-8e96-71f68437b340";"uuid:105c5f9c-b948-4104-8e96-71f68437b340"
"M4";"Femenino";"Mam Occidental";"M_008";"1778773573580.m4a";"2a52a999-0ad7-4bdb-8734-3f15f12db2b7";"uuid:2a52a999-0ad7-4bdb-8734-3f15f12db2b7"
"M4";"Femenino";"Mam Occidental";"M_009";"1778773613115.m4a";"67d25cc2-afb5-4a90-a570-5c143bb1e642";"uuid:67d25cc2-afb5-4a90-a570-5c143bb1e642"
"M4";"Femenino";"Mam Occidental";"M_010";"1778773664201.m4a";"acb1eafe-d2e4-47ca-ad80-2c950969bb09";"uuid:acb1eafe-d2e4-47ca-ad80-2c950969bb09"
"M4";"Femenino";"Mam Occidental";"M_011";"1778773704892.m4a";"46e89078-88ff-443d-9f8a-b0ae238abedb";"uuid:46e89078-88ff-443d-9f8a-b0ae238abedb"
"M4";"Femenino";"Mam Occidental";"M_012";"1778773732560.m4a";"f5968e91-6e43-454c-899b-4ca90c2fcdfc";"uuid:f5968e91-6e43-454c-899b-4ca90c2fcdfc"
"M4";"Femenino";"Mam Occidental";"M_013";"1778773760744.m4a";"c1a502d6-3929-4945-99a7-7286454bd2e8";"uuid:c1a502d6-3929-4945-99a7-7286454bd2e8"
"M4";"Femenino";"Mam Occidental";"M_014";"1778773792151.m4a";"9c23f596-7181-4b50-b7af-3c0eef89c45b";"uuid:9c23f596-7181-4b50-b7af-3c0eef89c45b"
"M4";"Femenino";"Mam Occidental";"M_015";"1778773833146.m4a";"871cfae6-b110-4bdc-8eaf-760b4382509c";"uuid:871cfae6-b110-4bdc-8eaf-760b4382509c"
"M4";"Femenino";"Mam Occidental";"M_016";"1778773876177.m4a";"f9efd15e-1eaf-41ff-a9c3-6f081554503f";"uuid:f9efd15e-1eaf-41ff-a9c3-6f081554503f"
"M4";"Femenino";"Mam Occidental";"M_017";"1778773906550.m4a";"658304d2-9c9c-4f6b-911a-78bfd026b1a0";"uuid:658304d2-9c9c-4f6b-911a-78bfd026b1a0"
"M4";"Femenino";"Mam Occidental";"M_018";"1778773948022.m4a";"af59b0da-cead-4eba-b494-197a8cf6629e";"uuid:af59b0da-cead-4eba-b494-197a8cf6629e"
"M4";"Femenino";"Mam Occidental";"M_019";"1778773979317.m4a";"9be00a38-d186-430a-9add-3c02881fe3b5";"uuid:9be00a38-d186-430a-9add-3c02881fe3b5"
"M4";"Femenino";"Mam Occidental";"M_020";"1778774012894.m4a";"0a7e4582-be5f-46cb-817c-f823da9ae22b";"uuid:0a7e4582-be5f-46cb-817c-f823da9ae22b"
"M4";"Femenino";"Mam Occidental";"M_021";"1778774038852.m4a";"e8aa8251-d060-485f-90d1-12310f566727";"uuid:e8aa8251-d060-485f-90d1-12310f566727"
"M4";"Femenino";"Mam Occidental";"M_022";"1778774078362.m4a";"67669fdc-e89c-450d-88b7-a18ed68cad46";"uuid:67669fdc-e89c-450d-88b7-a18ed68cad46"
"M4";"Femenino";"Mam Occidental";"M_023";"1778774102161.m4a";"45dc7f19-168f-4cf5-968e-e14d57088198";"uuid:45dc7f19-168f-4cf5-968e-e14d57088198"
"M4";"Femenino";"Mam Occidental";"M_024";"1778774122311.m4a";"e540e442-59b1-485d-a367-0067d40a22ba";"uuid:e540e442-59b1-485d-a367-0067d40a22ba"
"M4";"Femenino";"Mam Occidental";"M_025";"1778774144255.m4a";"fa550c46-60ff-4045-b794-bd3dfec2c004";"uuid:fa550c46-60ff-4045-b794-bd3dfec2c004"
"M4";"Femenino";"Mam Occidental";"M_026";"1778774173013.m4a";"6c1d8461-78fa-4e8d-9d6d-9e1092c528e5";"uuid:6c1d8461-78fa-4e8d-9d6d-9e1092c528e5"
"M4";"Femenino";"Mam Occidental";"M_027";"1778774200307.m4a";"46f922f3-2c4e-42b9-9184-44a4c62b2d8b";"uuid:46f922f3-2c4e-42b9-9184-44a4c62b2d8b"
"M4";"Femenino";"Mam Occidental";"M_028";"1778774226073.m4a";"109db75d-48c8-4a10-abe9-542b78582484";"uuid:109db75d-48c8-4a10-abe9-542b78582484"
"M4";"Femenino";"Mam Occidental";"M_029";"1778774246017.m4a";"0091faee-8b0f-481e-806b-408a800a835e";"uuid:0091faee-8b0f-481e-806b-408a800a835e"
"M4";"Femenino";"Mam Occidental";"M_030";"1778774266569.m4a";"0b70f311-1cc3-47f3-9fa7-542f56d312ba";"uuid:0b70f311-1cc3-47f3-9fa7-542f56d312ba"
"M4";"Femenino";"Mam Occidental";"M_031";"1778774290366.m4a";"3b6bd51d-a778-4fae-a3cc-326b38df9f8c";"uuid:3b6bd51d-a778-4fae-a3cc-326b38df9f8c"
"M4";"Femenino";"Mam Occidental";"M_032";"1778774313763.m4a";"b497e345-2079-4c26-9afb-283b4e3df92b";"uuid:b497e345-2079-4c26-9afb-283b4e3df92b"
"M4";"Femenino";"Mam Occidental";"M_033";"1778774351878.m4a";"4a983c65-cc0f-486a-b4de-e606681eadc6";"uuid:4a983c65-cc0f-486a-b4de-e606681eadc6"
"M4";"Femenino";"Mam Occidental";"M_034";"1778774374497.m4a";"392761aa-a357-410d-88ef-470c3afb4d72";"uuid:392761aa-a357-410d-88ef-470c3afb4d72"
"M4";"Femenino";"Mam Occidental";"M_035";"1778774402703.m4a";"3149483b-7c42-4872-b184-4f6ddb13a9e7";"uuid:3149483b-7c42-4872-b184-4f6ddb13a9e7"
"M4";"Femenino";"Mam Occidental";"M_036";"1778774425629.m4a";"cd21e52e-9af8-4801-995e-7e95aa3baea2";"uuid:cd21e52e-9af8-4801-995e-7e95aa3baea2"
"M4";"Femenino";"Mam Occidental";"M_037";"1778774452783.m4a";"266325b9-c93a-4743-91be-0d9fdd49ffaa";"uuid:266325b9-c93a-4743-91be-0d9fdd49ffaa"
"M4";"Femenino";"Mam Occidental";"M_038";"1778774500758.m4a";"e4ad5e4e-bb03-4bc2-b246-502f449da8d8";"uuid:e4ad5e4e-bb03-4bc2-b246-502f449da8d8"
"M4";"Femenino";"Mam Occidental";"M_039";"1778774540791.m4a";"d4e1b59a-b8ef-4b2a-bc5f-53b6fc6ae923";"uuid:d4e1b59a-b8ef-4b2a-bc5f-53b6fc6ae923"
"M4";"Femenino";"Mam Occidental";"M_040";"1778774622497.m4a";"fbdb12bc-816a-465e-9e4e-7b8aa2f03691";"uuid:fbdb12bc-816a-465e-9e4e-7b8aa2f03691"
"M4";"Femenino";"Mam Occidental";"M_041";"1778774648112.m4a";"4b03e007-a1e2-48c3-bd6d-a2d6cf5ffa01";"uuid:4b03e007-a1e2-48c3-bd6d-a2d6cf5ffa01"
"M4";"Femenino";"Mam Occidental";"M_042";"1778774705155.m4a";"161126d3-d191-41db-99a1-bf0b1b848097";"uuid:161126d3-d191-41db-99a1-bf0b1b848097"
"M4";"Femenino";"Mam Occidental";"M_043";"1778774734125.m4a";"0481602c-2518-44ef-a5e7-16adad0baa1e";"uuid:0481602c-2518-44ef-a5e7-16adad0baa1e"
"M4";"Femenino";"Mam Occidental";"M_044";"1778774768871.m4a";"e2febca4-3ea2-4420-8ba1-10139184cc80";"uuid:e2febca4-3ea2-4420-8ba1-10139184cc80"
"M4";"Femenino";"Mam Occidental";"M_045";"1778774795422.m4a";"0bb95af5-8f92-4fd2-9075-37a9141fab25";"uuid:0bb95af5-8f92-4fd2-9075-37a9141fab25"
"M4";"Femenino";"Mam Occidental";"M_046";"1778774840423.m4a";"e00114d8-ccab-4715-b7a9-0190778007b5";"uuid:e00114d8-ccab-4715-b7a9-0190778007b5"
"M4";"Femenino";"Mam Occidental";"M_047";"1778774883885.m4a";"f968d9db-3d66-40fd-bb9c-17a15b98e46d";"uuid:f968d9db-3d66-40fd-bb9c-17a15b98e46d"
"M4";"Femenino";"Mam Occidental";"M_048";"1778774911013.m4a";"6793adaf-abad-4d1c-837d-bda5ad89298a";"uuid:6793adaf-abad-4d1c-837d-bda5ad89298a"
"M4";"Femenino";"Mam Occidental";"M_049";"1778774934325.m4a";"2a1fe2ae-42ce-45f4-bca1-c26dd3b69583";"uuid:2a1fe2ae-42ce-45f4-bca1-c26dd3b69583"
"M4";"Femenino";"Mam Occidental";"M_050";"1778774955036.m4a";"922871cb-bb3e-449d-b68d-31b894e7e601";"uuid:922871cb-bb3e-449d-b68d-31b894e7e601"
"M5";"Masculino";"Mam Occidental";"M_001";"1778775254726.m4a";"f8d79730-6e01-4434-88cb-c41394ea3481";"uuid:f8d79730-6e01-4434-88cb-c41394ea3481"
"M5";"Masculino";"Mam Occidental";"M_002";"1778775318929.m4a";"aaf69959-0b22-4d2d-9c9b-6a91c813828e";"uuid:aaf69959-0b22-4d2d-9c9b-6a91c813828e"
"M5";"Masculino";"Mam Occidental";"M_003";"1778775338607.m4a";"0569b406-9a49-47aa-bb6e-a510348ce1a7";"uuid:0569b406-9a49-47aa-bb6e-a510348ce1a7"
"M5";"Masculino";"Mam Occidental";"M_004";"1778775382185.m4a";"9542815c-6e1d-4b98-9981-dce367ff1cf4";"uuid:e47158d7-c936-4a95-86c6-967e1b16d64a"
"M5";"Masculino";"Mam Occidental";"M_005";"1778775405487.m4a";"dbd2d15a-7445-43ba-b8d3-9e8fb47ac9fd";"uuid:dbd2d15a-7445-43ba-b8d3-9e8fb47ac9fd"
"M5";"Masculino";"Mam Occidental";"M_006";"1778775433173.m4a";"2d519cdd-c846-4b0d-aeb1-816306accc9c";"uuid:2d519cdd-c846-4b0d-aeb1-816306accc9c"
"M5";"Masculino";"Mam Occidental";"M_007";"1778775454632.m4a";"36afef12-8451-4ac3-8efd-354cd724a787";"uuid:36afef12-8451-4ac3-8efd-354cd724a787"
"M5";"Masculino";"Mam Occidental";"M_008";"1778775478675.m4a";"0431f475-f602-4db5-ab2a-fdd2c75074a6";"uuid:0431f475-f602-4db5-ab2a-fdd2c75074a6"
"M5";"Masculino";"Mam Occidental";"M_009";"1778775502291.m4a";"188abff3-e6ee-4b0e-89f9-3c39e2c0c8e8";"uuid:188abff3-e6ee-4b0e-89f9-3c39e2c0c8e8"
"M5";"Masculino";"Mam Occidental";"M_010";"1778775528688.m4a";"b4ede7e0-4843-4268-b9aa-12e1869a3052";"uuid:b4ede7e0-4843-4268-b9aa-12e1869a3052"
"M5";"Masculino";"Mam Occidental";"M_011";"1778775572981.m4a";"7727a23e-c755-4929-96ec-55632ba3ec9c";"uuid:7727a23e-c755-4929-96ec-55632ba3ec9c"
"M5";"Masculino";"Mam Occidental";"M_012";"1778775594129.m4a";"2da506c1-5d92-4414-8edd-fbeb2579df94";"uuid:2da506c1-5d92-4414-8edd-fbeb2579df94"
"M5";"Masculino";"Mam Occidental";"M_013";"1778775639054.m4a";"6f511d79-db20-4890-9991-f3b7ddb4f8c7";"uuid:6f511d79-db20-4890-9991-f3b7ddb4f8c7"
"M5";"Masculino";"Mam Occidental";"M_014";"1778775658155.m4a";"0243fe7b-7857-4d74-a94b-6cbded320c46";"uuid:0243fe7b-7857-4d74-a94b-6cbded320c46"
"M5";"Masculino";"Mam Occidental";"M_015";"1778775690181.m4a";"0ce2bb04-2d97-4f94-bfae-d7775aee944e";"uuid:0ce2bb04-2d97-4f94-bfae-d7775aee944e"
"M5";"Masculino";"Mam Occidental";"M_016";"1778775717231.m4a";"ff28de5f-dec9-4a46-aeeb-3f7a63576453";"uuid:ff28de5f-dec9-4a46-aeeb-3f7a63576453"
"M5";"Masculino";"Mam Occidental";"M_017";"1778775744277.m4a";"a77a30bb-34ad-47d0-a99e-a647ca1b4639";"uuid:a77a30bb-34ad-47d0-a99e-a647ca1b4639"
"M5";"Masculino";"Mam Occidental";"M_018";"1778775768959.m4a";"7d77383d-e3fb-44eb-9858-fbf3af01f0f0";"uuid:7d77383d-e3fb-44eb-9858-fbf3af01f0f0"
"M5";"Masculino";"Mam Occidental";"M_019";"1778775791494.m4a";"03a1405b-f1d7-418c-a7fc-4f006ab43d1e";"uuid:03a1405b-f1d7-418c-a7fc-4f006ab43d1e"
"M5";"Masculino";"Mam Occidental";"M_020";"1778775813462.m4a";"cb69d544-bbb1-4569-b115-436ab07f39c9";"uuid:cb69d544-bbb1-4569-b115-436ab07f39c9"
"M5";"Masculino";"Mam Occidental";"M_021";"1778775851066.m4a";"610729d6-3dcf-4680-882e-91e47aeddd41";"uuid:610729d6-3dcf-4680-882e-91e47aeddd41"
"M5";"Masculino";"Mam Occidental";"M_022";"1778775875040.m4a";"a59c156e-4be0-4b92-a890-09a9337c03c2";"uuid:a59c156e-4be0-4b92-a890-09a9337c03c2"
"M5";"Masculino";"Mam Occidental";"M_023";"1778775899189.m4a";"30c32645-7326-4ac7-9d2d-e52eb7e9fe75";"uuid:30c32645-7326-4ac7-9d2d-e52eb7e9fe75"
"M5";"Masculino";"Mam Occidental";"M_024";"1778775921738.m4a";"bdc47159-caed-4848-a6ad-f8c885c24ad6";"uuid:bdc47159-caed-4848-a6ad-f8c885c24ad6"
"M5";"Masculino";"Mam Occidental";"M_025";"1778775942285.m4a";"ad16eab3-10fb-4168-b4ff-4086b9fe5158";"uuid:ad16eab3-10fb-4168-b4ff-4086b9fe5158"
"M5";"Masculino";"Mam Occidental";"M_026";"1778775961656.m4a";"374c75c4-9f8d-47e2-abb3-b04067f88e6d";"uuid:374c75c4-9f8d-47e2-abb3-b04067f88e6d"
"M5";"Masculino";"Mam Occidental";"M_027";"1778775983359.m4a";"e8df9814-178c-42fb-9f82-77fb7ffe05aa";"uuid:e8df9814-178c-42fb-9f82-77fb7ffe05aa"
"M5";"Masculino";"Mam Occidental";"M_028";"1778776006296.m4a";"bbb8d290-4822-47e2-bdb8-0b2804c97bca";"uuid:bbb8d290-4822-47e2-bdb8-0b2804c97bca"
"M5";"Masculino";"Mam Occidental";"M_029";"1778776025495.m4a";"0351b881-a9f9-4435-98e5-0c7c7ea39c5d";"uuid:0351b881-a9f9-4435-98e5-0c7c7ea39c5d"
"M5";"Masculino";"Mam Occidental";"M_030";"1778776056243.m4a";"992470cf-e680-4504-a510-9609abe611de";"uuid:992470cf-e680-4504-a510-9609abe611de"
"M5";"Masculino";"Mam Occidental";"M_031";"1778776075338.m4a";"8dbdcb89-c875-4d44-bf81-3c1954331142";"uuid:8dbdcb89-c875-4d44-bf81-3c1954331142"
"M5";"Masculino";"Mam Occidental";"M_032";"1778776095070.m4a";"79726630-fc87-4405-9d29-3a84ab41e31d";"uuid:79726630-fc87-4405-9d29-3a84ab41e31d"
"M5";"Masculino";"Mam Occidental";"M_033";"1778776120126.m4a";"28b1a640-6a4d-4ac4-9596-4aff8f7c4024";"uuid:28b1a640-6a4d-4ac4-9596-4aff8f7c4024"
"M5";"Masculino";"Mam Occidental";"M_034";"1778776141813.m4a";"c05b679d-4969-4269-acc4-6180c85e1801";"uuid:c05b679d-4969-4269-acc4-6180c85e1801"
"M5";"Masculino";"Mam Occidental";"M_035";"1778776166006.m4a";"7ef9da1e-ab0c-4eca-9d99-daa1271070a4";"uuid:7ef9da1e-ab0c-4eca-9d99-daa1271070a4"
"M5";"Masculino";"Mam Occidental";"M_036";"1778776187568.m4a";"38e18a8e-0249-46f1-a624-f5177c2c56ad";"uuid:38e18a8e-0249-46f1-a624-f5177c2c56ad"
"M5";"Masculino";"Mam Occidental";"M_037";"1778776212618.m4a";"d50610cb-6a9d-45cb-8cc8-f133adf0a39c";"uuid:d50610cb-6a9d-45cb-8cc8-f133adf0a39c"
"M5";"Masculino";"Mam Occidental";"M_038";"1778776242505.m4a";"330f6f6f-f153-4223-9383-a5b61a1c972e";"uuid:330f6f6f-f153-4223-9383-a5b61a1c972e"
"M5";"Masculino";"Mam Occidental";"M_039";"1778776263808.m4a";"5b9fafff-666d-468c-98c7-a74c83e5968d";"uuid:5b9fafff-666d-468c-98c7-a74c83e5968d"
"M5";"Masculino";"Mam Occidental";"M_040";"1778776368867.m4a";"187b60b9-2945-40c5-9bc4-69e4f41e63d1";"uuid:187b60b9-2945-40c5-9bc4-69e4f41e63d1"
"M5";"Masculino";"Mam Occidental";"M_041";"1778776391793.m4a";"562b836b-1e49-4f80-a59b-f51dc3c82ac3";"uuid:562b836b-1e49-4f80-a59b-f51dc3c82ac3"
"M5";"Masculino";"Mam Occidental";"M_042";"1778776417713.m4a";"4ee11724-de53-4d4c-b16d-051b1f69fb43";"uuid:4ee11724-de53-4d4c-b16d-051b1f69fb43"
"M5";"Masculino";"Mam Occidental";"M_043";"1778776441377.m4a";"b3639d30-b6d7-4d29-bed4-a3ff713675a4";"uuid:b3639d30-b6d7-4d29-bed4-a3ff713675a4"
"M5";"Masculino";"Mam Occidental";"M_044";"1778776464807.m4a";"438422c9-acc9-46b4-bb97-474b095e330e";"uuid:438422c9-acc9-46b4-bb97-474b095e330e"
"M5";"Masculino";"Mam Occidental";"M_045";"1778776485055.m4a";"08422ddc-62a0-46f2-abfa-3dfb69c31c73";"uuid:08422ddc-62a0-46f2-abfa-3dfb69c31c73"
"M5";"Masculino";"Mam Occidental";"M_046";"1778776507551.m4a";"52c9efa3-ebc7-436f-9e35-12c5ff855bae";"uuid:52c9efa3-ebc7-436f-9e35-12c5ff855bae"
"M5";"Masculino";"Mam Occidental";"M_047";"1778776532131.m4a";"91226af8-420e-4535-a4ba-0787e5d5f9e8";"uuid:91226af8-420e-4535-a4ba-0787e5d5f9e8"
"M5";"Masculino";"Mam Occidental";"M_048";"1778776555380.m4a";"8d73eecd-426d-41cf-985a-aed7adf08eca";"uuid:8d73eecd-426d-41cf-985a-aed7adf08eca"
"M5";"Masculino";"Mam Occidental";"M_049";"1778776577650.m4a";"47a842a1-d043-46e2-9a0e-98f03bf593bb";"uuid:47a842a1-d043-46e2-9a0e-98f03bf593bb"
"M5";"Masculino";"Mam Occidental";"M_050";"1778776597797.m4a";"76f73c9d-d507-4009-b4e5-f77112e11187";"uuid:76f73c9d-d507-4009-b4e5-f77112e11187"
"M6";"Femenino";"Mam Occidental";"M_001";"1778776768165.m4a";"c9819b68-5814-408c-899d-450b5c73b021";"uuid:c9819b68-5814-408c-899d-450b5c73b021"
"M6";"Femenino";"Mam Occidental";"M_002";"1778776795027.m4a";"08153706-87bd-49f2-a2d3-aa93ceefa1be";"uuid:08153706-87bd-49f2-a2d3-aa93ceefa1be"
"M6";"Femenino";"Mam Occidental";"M_003";"1778776853532.m4a";"ebfd07c2-53f5-4bbc-90db-be01b2d56584";"uuid:ebfd07c2-53f5-4bbc-90db-be01b2d56584"
"M6";"Femenino";"Mam Occidental";"M_004";"1778776875096.m4a";"50eab842-d33a-4595-8ab9-bef4ccfe97ea";"uuid:50eab842-d33a-4595-8ab9-bef4ccfe97ea"
"M6";"Femenino";"Mam Occidental";"M_006";"1778776908101.m4a";"5413f07e-606d-48ef-a5ec-0a29cd446c01";"uuid:5413f07e-606d-48ef-a5ec-0a29cd446c01"
"M6";"Femenino";"Mam Occidental";"M_005";"1778776928557.m4a";"6ced1158-ffca-4dd7-98b8-14332b0cd6b6";"uuid:2c1d547b-0b8f-4cd6-bd20-6e0a4e4765b7"
"M6";"Femenino";"Mam Occidental";"M_007";"1778776956356.m4a";"ce728d61-33d9-4858-bdcd-877a5ab94daf";"uuid:ce728d61-33d9-4858-bdcd-877a5ab94daf"
"M6";"Femenino";"Mam Occidental";"M_008";"1778776977575.m4a";"88b0614e-51ac-4dca-be4b-180fec58ab01";"uuid:88b0614e-51ac-4dca-be4b-180fec58ab01"
"M6";"Femenino";"Mam Occidental";"M_009";"1778776997041.m4a";"e61c0f78-cafd-40b3-a0d5-69112de4952b";"uuid:e61c0f78-cafd-40b3-a0d5-69112de4952b"
"M6";"Femenino";"Mam Occidental";"M_010";"1778777024524.m4a";"b6e7c45b-294b-4da8-b930-5d576cf0838d";"uuid:b6e7c45b-294b-4da8-b930-5d576cf0838d"
"M6";"Femenino";"Mam Occidental";"M_011";"1778777047475.m4a";"640f9c1e-15be-4b7f-969e-e725fbd0d18d";"uuid:640f9c1e-15be-4b7f-969e-e725fbd0d18d"
"M6";"Femenino";"Mam Occidental";"M_012";"1778777071464.m4a";"1a69ef2c-bea5-43c8-9812-b3a325af71cb";"uuid:1a69ef2c-bea5-43c8-9812-b3a325af71cb"
"M6";"Femenino";"Mam Occidental";"M_013";"1778777118111.m4a";"d5990274-c53f-4bf1-bd6b-274eda28be6a";"uuid:d5990274-c53f-4bf1-bd6b-274eda28be6a"
"M6";"Femenino";"Mam Occidental";"M_014";"1778777153422.m4a";"e6ad3fc8-4461-45be-8aa8-73ac5ec57a26";"uuid:e6ad3fc8-4461-45be-8aa8-73ac5ec57a26"
"M6";"Femenino";"Mam Occidental";"M_015";"1778777176237.m4a";"32afda76-192d-4afc-a793-5c850acc14f3";"uuid:32afda76-192d-4afc-a793-5c850acc14f3"
"M6";"Femenino";"Mam Occidental";"M_016";"1778777198042.m4a";"1bd3a5f7-075e-4834-b425-2d7c5738ae52";"uuid:1bd3a5f7-075e-4834-b425-2d7c5738ae52"
"M6";"Femenino";"Mam Occidental";"M_017";"1778777230526.m4a";"025fab0a-727d-43d5-b7c0-9535f74fc968";"uuid:025fab0a-727d-43d5-b7c0-9535f74fc968"
"M6";"Femenino";"Mam Occidental";"M_018";"1778777256124.m4a";"57608dab-8cb5-4829-a09c-b539a0f1a630";"uuid:57608dab-8cb5-4829-a09c-b539a0f1a630"
"M6";"Femenino";"Mam Occidental";"M_019";"1778777283696.m4a";"670c6fd7-c028-429c-9873-786facc45b69";"uuid:670c6fd7-c028-429c-9873-786facc45b69"
"M6";"Femenino";"Mam Occidental";"M_020";"1778777304204.m4a";"282ceb52-47ec-46e6-8928-e3395ca9f40d";"uuid:282ceb52-47ec-46e6-8928-e3395ca9f40d"
"M6";"Femenino";"Mam Occidental";"M_021";"1778777340520.m4a";"8219e241-454e-4f0f-8f01-9d391088291d";"uuid:8219e241-454e-4f0f-8f01-9d391088291d"
"M6";"Femenino";"Mam Occidental";"M_022";"1778777366229.m4a";"39e5e12d-beeb-4601-baf3-5e7b7ea09711";"uuid:39e5e12d-beeb-4601-baf3-5e7b7ea09711"
"M6";"Femenino";"Mam Occidental";"M_023";"1778777387421.m4a";"8cae778c-d82b-426a-9561-770732236a63";"uuid:8cae778c-d82b-426a-9561-770732236a63"
"M6";"Femenino";"Mam Occidental";"M_024";"1778777413182.m4a";"4fa69b52-8c76-4065-bfa0-e26da018d5d5";"uuid:4fa69b52-8c76-4065-bfa0-e26da018d5d5"
"M6";"Femenino";"Mam Occidental";"M_025";"1778777439132.m4a";"04818959-59d5-462c-8117-53f3541ec1b6";"uuid:04818959-59d5-462c-8117-53f3541ec1b6"
"M6";"Femenino";"Mam Occidental";"M_026";"1778777463003.m4a";"7f88ab2f-7a51-46c1-9434-391ceabe70f2";"uuid:7f88ab2f-7a51-46c1-9434-391ceabe70f2"
"M6";"Femenino";"Mam Occidental";"M_027";"1778777484079.m4a";"90bf4633-2c15-4811-9418-13e88aa1ec5d";"uuid:90bf4633-2c15-4811-9418-13e88aa1ec5d"
"M6";"Femenino";"Mam Occidental";"M_028";"1778777519929.m4a";"c4544ff5-fac9-4760-a46e-7eb3b4d63d84";"uuid:c4544ff5-fac9-4760-a46e-7eb3b4d63d84"
"M6";"Femenino";"Mam Occidental";"M_029";"1778777542731.m4a";"2c19acd8-efae-4f2e-93da-35ffa91eaea9";"uuid:2c19acd8-efae-4f2e-93da-35ffa91eaea9"
"M6";"Femenino";"Mam Occidental";"M_030";"1778777564204.m4a";"336195d2-8b95-42cb-bb92-f68ff3e43673";"uuid:336195d2-8b95-42cb-bb92-f68ff3e43673"
"M6";"Femenino";"Mam Occidental";"M_031";"1778777585903.m4a";"81bbe2f4-dbc5-4395-9314-d5188ef1ad94";"uuid:81bbe2f4-dbc5-4395-9314-d5188ef1ad94"
"M6";"Femenino";"Mam Occidental";"M_032";"1778777606321.m4a";"cfbc6ac5-6427-4324-b080-997b25f73ef9";"uuid:cfbc6ac5-6427-4324-b080-997b25f73ef9"
"M6";"Femenino";"Mam Occidental";"M_033";"1778777634825.m4a";"e53a3bc6-d75c-4df1-8e45-51b91b42adcd";"uuid:e53a3bc6-d75c-4df1-8e45-51b91b42adcd"
"M6";"Femenino";"Mam Occidental";"M_034";"1778777655114.m4a";"d03a54b6-a528-45a9-83ea-2224b8d134df";"uuid:d03a54b6-a528-45a9-83ea-2224b8d134df"
"M6";"Femenino";"Mam Occidental";"M_035";"1778777679026.m4a";"dfd2f47d-1e2e-4fbe-beec-1f8c9c2beca9";"uuid:dfd2f47d-1e2e-4fbe-beec-1f8c9c2beca9"
"M6";"Femenino";"Mam Occidental";"M_036";"1778777704153.m4a";"62ee3c25-6469-40ca-aff7-c31deea37be6";"uuid:62ee3c25-6469-40ca-aff7-c31deea37be6"
"M6";"Femenino";"Mam Occidental";"M_037";"1778777740020.m4a";"92d2eaae-e735-4cc4-ae0f-72d8350fba76";"uuid:92d2eaae-e735-4cc4-ae0f-72d8350fba76"
"M6";"Femenino";"Mam Occidental";"M_038";"1778777777302.m4a";"5c12c7fc-e653-4c04-acdb-faaee5726179";"uuid:5c12c7fc-e653-4c04-acdb-faaee5726179"
"M6";"Femenino";"Mam Occidental";"M_039";"1778777798831.m4a";"a2dea7f4-02f5-4d30-8448-cd9b7c41f28f";"uuid:a2dea7f4-02f5-4d30-8448-cd9b7c41f28f"
"M6";"Femenino";"Mam Occidental";"M_040";"1778777840857.m4a";"6bcfd47b-139d-4922-9977-48967e5eebfe";"uuid:6bcfd47b-139d-4922-9977-48967e5eebfe"
"M6";"Femenino";"Mam Occidental";"M_041";"1778777866257.m4a";"3eeef4df-ec50-41f4-9004-02925dd25e6f";"uuid:3eeef4df-ec50-41f4-9004-02925dd25e6f"
"M6";"Femenino";"Mam Occidental";"M_042";"1778777889206.m4a";"b7293e39-f760-4e6b-93c5-339c6701d0e3";"uuid:b7293e39-f760-4e6b-93c5-339c6701d0e3"
"M6";"Femenino";"Mam Occidental";"M_043";"1778777910981.m4a";"7ceb6d8f-5ba1-44ea-be7b-73dbcfff0f7b";"uuid:7ceb6d8f-5ba1-44ea-be7b-73dbcfff0f7b"
"M6";"Femenino";"Mam Occidental";"M_044";"1778777934582.m4a";"7543de28-86e0-46eb-89a6-b0ca4f7fffbb";"uuid:7543de28-86e0-46eb-89a6-b0ca4f7fffbb"
"M6";"Femenino";"Mam Occidental";"M_045";"1778777957820.m4a";"f42cf52d-5f2f-4d8a-95e9-f1ad253db9e4";"uuid:f42cf52d-5f2f-4d8a-95e9-f1ad253db9e4"
"M6";"Femenino";"Mam Occidental";"M_046";"1778777985768.m4a";"1754a916-1576-4261-8fc3-7ff44d0ee2cb";"uuid:1754a916-1576-4261-8fc3-7ff44d0ee2cb"
"M6";"Femenino";"Mam Occidental";"M_047";"1778778012462.m4a";"1fdaad8e-5e7e-4d76-94d9-e7d492393d39";"uuid:1fdaad8e-5e7e-4d76-94d9-e7d492393d39"
"M6";"Femenino";"Mam Occidental";"M_048";"1778778046398.m4a";"ea14f69a-6135-4d66-a294-90a3ca2ca822";"uuid:ea14f69a-6135-4d66-a294-90a3ca2ca822"
"M6";"Femenino";"Mam Occidental";"M_049";"1778778068249.m4a";"9c0b3b38-d2a3-4665-83f1-4937742cf9ec";"uuid:9c0b3b38-d2a3-4665-83f1-4937742cf9ec"
"M6";"Femenino";"Mam Occidental";"M_050";"1778778086970.m4a";"ea149d27-7194-4d88-9bd6-9a5470fea8b2";"uuid:ea149d27-7194-4d88-9bd6-9a5470fea8b2"
"M7";"Masculino";"Mam Occidental";"M_001";"1778778408742.m4a";"d1d68d37-28b8-4c57-afcc-82c21f91b8df";"uuid:d1d68d37-28b8-4c57-afcc-82c21f91b8df"
"M7";"Masculino";"Mam Occidental";"M_002";"1778778431971.m4a";"64bd781d-e94e-4573-9fcc-ffaa1a82ea94";"uuid:64bd781d-e94e-4573-9fcc-ffaa1a82ea94"
"M7";"Masculino";"Mam Occidental";"M_003";"1778778452757.m4a";"37295b53-a210-4585-a08c-00fdc2d1b581";"uuid:37295b53-a210-4585-a08c-00fdc2d1b581"
"M7";"Masculino";"Mam Occidental";"M_004";"1778778475799.m4a";"52f32284-f05f-4e85-99f7-5fde43371d70";"uuid:52f32284-f05f-4e85-99f7-5fde43371d70"
"M7";"Masculino";"Mam Occidental";"M_005";"1778778494245.m4a";"7ca0d04b-5f9f-4e9f-9c50-82da108d5fac";"uuid:7ca0d04b-5f9f-4e9f-9c50-82da108d5fac"
"M7";"Masculino";"Mam Occidental";"M_006";"1778778514580.m4a";"e7419e7c-0323-4494-a5ec-e483188d7856";"uuid:e7419e7c-0323-4494-a5ec-e483188d7856"
"M7";"Masculino";"Mam Occidental";"M_007";"1778778534404.m4a";"cc5ec7dd-5015-450b-b57e-da267539b216";"uuid:cc5ec7dd-5015-450b-b57e-da267539b216"
"M7";"Masculino";"Mam Occidental";"M_008";"1778778552608.m4a";"3810e17c-1909-40c7-b08d-a6032846c87d";"uuid:3810e17c-1909-40c7-b08d-a6032846c87d"
"M7";"Masculino";"Mam Occidental";"M_009";"1778778574048.m4a";"4f07cac0-54c0-499f-a357-2185f4c87712";"uuid:4f07cac0-54c0-499f-a357-2185f4c87712"
"M7";"Masculino";"Mam Occidental";"M_010";"1778778598097.m4a";"08ddd67b-4b82-44da-8e6b-a8a195731777";"uuid:08ddd67b-4b82-44da-8e6b-a8a195731777"
"M7";"Masculino";"Mam Occidental";"M_011";"1778778623190.m4a";"51910113-5dce-4b51-aef3-8664f50dc69a";"uuid:51910113-5dce-4b51-aef3-8664f50dc69a"
"M7";"Masculino";"Mam Occidental";"M_012";"1778778650702.m4a";"0cd3e0ff-042f-421b-82bc-37f604c4c0f5";"uuid:0cd3e0ff-042f-421b-82bc-37f604c4c0f5"
"M7";"Masculino";"Mam Occidental";"M_013";"1778778674233.m4a";"9cde00db-e72e-4e4d-bb73-73a4b29d549c";"uuid:9cde00db-e72e-4e4d-bb73-73a4b29d549c"
"M7";"Masculino";"Mam Occidental";"M_014";"1778778697254.m4a";"0571e06b-7667-4547-8479-eb4b0f9c211b";"uuid:0571e06b-7667-4547-8479-eb4b0f9c211b"
"M7";"Masculino";"Mam Occidental";"M_015";"1778778725393.m4a";"eed81882-59c9-474b-a29a-ba2cf0d1e117";"uuid:eed81882-59c9-474b-a29a-ba2cf0d1e117"
"M7";"Masculino";"Mam Occidental";"M_016";"1778778750816.m4a";"b0fbb993-021c-4a0c-ac7d-77aafc58f1c4";"uuid:b0fbb993-021c-4a0c-ac7d-77aafc58f1c4"
"M7";"Masculino";"Mam Occidental";"M_017";"1778778772311.m4a";"f056ad9e-6596-43f4-94f3-62f4d8c90042";"uuid:f056ad9e-6596-43f4-94f3-62f4d8c90042"
"M7";"Masculino";"Mam Occidental";"M_018";"1778778808971.m4a";"9741fe66-b381-4813-83ea-ece6f8099349";"uuid:9741fe66-b381-4813-83ea-ece6f8099349"
"M7";"Masculino";"Mam Occidental";"M_019";"1778778830672.m4a";"10a892d8-7be1-4cb0-9785-d3241f8d0123";"uuid:10a892d8-7be1-4cb0-9785-d3241f8d0123"
"M7";"Masculino";"Mam Occidental";"M_020";"1778778856584.m4a";"e5b6dfb9-7990-4f84-92e3-219494b9d0fa";"uuid:e5b6dfb9-7990-4f84-92e3-219494b9d0fa"
"M7";"Masculino";"Mam Occidental";"M_021";"1778778877568.m4a";"35bcee45-0b7e-4c94-b804-b56efaba271d";"uuid:35bcee45-0b7e-4c94-b804-b56efaba271d"
"M7";"Masculino";"Mam Occidental";"M_022";"1778778899429.m4a";"7e3ca336-eb8d-4d56-95cc-8e6bf2e1f9c3";"uuid:7e3ca336-eb8d-4d56-95cc-8e6bf2e1f9c3"
"M7";"Masculino";"Mam Occidental";"M_023";"1778778919671.m4a";"3308932c-35f0-4565-bf3a-2d1965f517bd";"uuid:3308932c-35f0-4565-bf3a-2d1965f517bd"
"M7";"Masculino";"Mam Occidental";"M_024";"1778778938070.m4a";"be23d0a8-cd82-4ce1-88b8-8587f3d21808";"uuid:be23d0a8-cd82-4ce1-88b8-8587f3d21808"
"M7";"Masculino";"Mam Occidental";"M_025";"1778778957451.m4a";"a14b135d-d08a-44b0-b99c-99c7b09eb2e3";"uuid:a14b135d-d08a-44b0-b99c-99c7b09eb2e3"
"M7";"Masculino";"Mam Occidental";"M_026";"1778779084046.m4a";"6155c501-58b7-4604-9ef0-6911a4607ddb";"uuid:6155c501-58b7-4604-9ef0-6911a4607ddb"
"M7";"Masculino";"Mam Occidental";"M_027";"1778779103885.m4a";"7829fb8c-2c65-4b16-8a8f-38a4a8b9c834";"uuid:7829fb8c-2c65-4b16-8a8f-38a4a8b9c834"
"M7";"Masculino";"Mam Occidental";"M_028";"1778779123637.m4a";"045aaa83-de38-4dcf-9cb6-3513b531e739";"uuid:045aaa83-de38-4dcf-9cb6-3513b531e739"
"M7";"Masculino";"Mam Occidental";"M_029";"1778779142258.m4a";"738d330f-274d-4b24-8e4f-5a7f6b51c98d";"uuid:738d330f-274d-4b24-8e4f-5a7f6b51c98d"
"M7";"Masculino";"Mam Occidental";"M_030";"1778779161149.m4a";"efc4e235-700b-4f47-8f37-7942c9ba651e";"uuid:efc4e235-700b-4f47-8f37-7942c9ba651e"
"M7";"Masculino";"Mam Occidental";"M_031";"1778779180801.m4a";"015da831-6296-49b0-991c-712de32ddc6a";"uuid:015da831-6296-49b0-991c-712de32ddc6a"
"M7";"Masculino";"Mam Occidental";"M_032";"1778779201617.m4a";"1477ba33-9be0-40db-85a1-f2a3935e7921";"uuid:1477ba33-9be0-40db-85a1-f2a3935e7921"
"M7";"Masculino";"Mam Occidental";"M_033";"1778779224063.m4a";"91988a9b-22ca-4b59-a7cf-24d89d42b4a5";"uuid:91988a9b-22ca-4b59-a7cf-24d89d42b4a5"
"M7";"Masculino";"Mam Occidental";"M_034";"1778779243126.m4a";"375c27de-0293-4e52-bf39-747abfe315ac";"uuid:375c27de-0293-4e52-bf39-747abfe315ac"
"M7";"Masculino";"Mam Occidental";"M_035";"1778779262852.m4a";"7083aba0-3bb0-4126-9829-1a0a3fdb450e";"uuid:7083aba0-3bb0-4126-9829-1a0a3fdb450e"
"M7";"Masculino";"Mam Occidental";"M_036";"1778779283137.m4a";"e3954fe8-da6f-4bb3-b043-5d242319f9c1";"uuid:e3954fe8-da6f-4bb3-b043-5d242319f9c1"
"M7";"Masculino";"Mam Occidental";"M_037";"1778779310791.m4a";"5695783f-121f-44af-955c-faed5ac4a932";"uuid:5695783f-121f-44af-955c-faed5ac4a932"
"M7";"Masculino";"Mam Occidental";"M_038";"1778779332282.m4a";"029d7597-7c92-4770-84c2-36f8222aaa16";"uuid:029d7597-7c92-4770-84c2-36f8222aaa16"
"M7";"Masculino";"Mam Occidental";"M_039";"1778779352021.m4a";"bee59a7c-783c-4fcb-b813-a79730dd2b82";"uuid:bee59a7c-783c-4fcb-b813-a79730dd2b82"
"M7";"Masculino";"Mam Occidental";"M_040";"1778779382875.m4a";"9f7a8657-63bf-4306-9007-b200ed2c0582";"uuid:9f7a8657-63bf-4306-9007-b200ed2c0582"
"M7";"Masculino";"Mam Occidental";"M_041";"1778779404210.m4a";"df6b9536-9bcf-450d-a715-544680d55373";"uuid:df6b9536-9bcf-450d-a715-544680d55373"
"M7";"Masculino";"Mam Occidental";"M_042";"1778779428268.m4a";"363b36ea-d3b3-49da-9941-908ff112c19b";"uuid:363b36ea-d3b3-49da-9941-908ff112c19b"
"M7";"Masculino";"Mam Occidental";"M_043";"1778779451585.m4a";"2d91f5fa-ff7a-4a34-acd1-0a1e951079b3";"uuid:2d91f5fa-ff7a-4a34-acd1-0a1e951079b3"
"M7";"Masculino";"Mam Occidental";"M_044";"1778779476246.m4a";"f11861ff-9744-452b-a804-7d056f4b0d24";"uuid:f11861ff-9744-452b-a804-7d056f4b0d24"
"M7";"Masculino";"Mam Occidental";"M_045";"1778779498431.m4a";"c895f47e-dc7f-4199-8b8b-6ba1f521c22f";"uuid:c895f47e-dc7f-4199-8b8b-6ba1f521c22f"
"M7";"Masculino";"Mam Occidental";"M_046";"1778779517905.m4a";"81c2931e-ecbf-447c-ae93-b48ecbe19922";"uuid:81c2931e-ecbf-447c-ae93-b48ecbe19922"
"M7";"Masculino";"Mam Occidental";"M_047";"1778779543055.m4a";"e044fad6-8057-4060-aad6-26e27155673a";"uuid:e044fad6-8057-4060-aad6-26e27155673a"
"M7";"Masculino";"Mam Occidental";"M_048";"1778779566461.m4a";"8f72f912-0271-4052-8e82-441f804f5a02";"uuid:8f72f912-0271-4052-8e82-441f804f5a02"
"M7";"Masculino";"Mam Occidental";"M_049";"1778779586892.m4a";"d36afba5-2488-47f9-bba5-a0a1f0c3c0ff";"uuid:d36afba5-2488-47f9-bba5-a0a1f0c3c0ff"
"M7";"Masculino";"Mam Occidental";"M_050";"1778779605898.m4a";"b8d1368c-4760-4200-b0b4-add9f635fa06";"uuid:b8d1368c-4760-4200-b0b4-add9f635fa06"
"M8";"Masculino";"Mam Occidental";"M_001";"1778794245227.m4a";"acbee644-87b8-47a0-8cbc-fb9973987dbd";"uuid:acbee644-87b8-47a0-8cbc-fb9973987dbd"
"M8";"Masculino";"Mam Occidental";"M_002";"1778794290413.m4a";"9914f7dc-8b2e-43f9-a140-dca6480c784d";"uuid:9914f7dc-8b2e-43f9-a140-dca6480c784d"
"M8";"Masculino";"Mam Occidental";"M_003";"1778794319126.m4a";"c44119fd-632b-4e78-a82b-2b6574793ff5";"uuid:c44119fd-632b-4e78-a82b-2b6574793ff5"
"M8";"Masculino";"Mam Occidental";"M_004";"1778794341004.m4a";"ecbc7b32-fbc4-42d9-9ad2-c359a937c081";"uuid:ecbc7b32-fbc4-42d9-9ad2-c359a937c081"
"M8";"Masculino";"Mam Occidental";"M_005";"1778794370448.m4a";"acf4a2dd-697e-4ce0-88ce-1d01bef7e09f";"uuid:acf4a2dd-697e-4ce0-88ce-1d01bef7e09f"
"M8";"Masculino";"Mam Occidental";"M_006";"1778794405076.m4a";"9de87529-ad3f-4827-8d6d-8f2ff89b5344";"uuid:9de87529-ad3f-4827-8d6d-8f2ff89b5344"
"M8";"Masculino";"Mam Occidental";"M_007";"1778794436660.m4a";"f7dd883e-96fa-42c6-8e1b-efdaab86eaa1";"uuid:f7dd883e-96fa-42c6-8e1b-efdaab86eaa1"
"M8";"Masculino";"Mam Occidental";"M_008";"1778794471620.m4a";"0d6ad904-fcde-42e7-a39d-fd41e08b2c01";"uuid:0d6ad904-fcde-42e7-a39d-fd41e08b2c01"
"M8";"Masculino";"Mam Occidental";"M_009";"1778794491834.m4a";"bdffc142-e662-4d37-b431-6404d3d376ed";"uuid:bdffc142-e662-4d37-b431-6404d3d376ed"
"M8";"Masculino";"Mam Occidental";"M_010";"1778794525147.m4a";"0deeae27-aa60-4adc-ad88-6659dffda18b";"uuid:0deeae27-aa60-4adc-ad88-6659dffda18b"
"M8";"Masculino";"Mam Occidental";"M_011";"1778794562024.m4a";"aa5fb8f5-2252-45a7-82a7-4c2efdfc7a13";"uuid:aa5fb8f5-2252-45a7-82a7-4c2efdfc7a13"
"M8";"Masculino";"Mam Occidental";"M_012";"1778794584548.m4a";"27cc0d9d-24c1-4028-b390-a5f960a4802f";"uuid:27cc0d9d-24c1-4028-b390-a5f960a4802f"
"M8";"Masculino";"Mam Occidental";"M_013";"1778794614123.m4a";"9bad1337-54fc-4d02-a584-1bdfe61c1696";"uuid:9bad1337-54fc-4d02-a584-1bdfe61c1696"
"M8";"Masculino";"Mam Occidental";"M_014";"1778794637769.m4a";"071c3867-d753-41ab-8368-06f2edb18dd3";"uuid:071c3867-d753-41ab-8368-06f2edb18dd3"
"M8";"Masculino";"Mam Occidental";"M_015";"1778794659706.m4a";"3c80b509-4dad-420b-b4d0-029bcf378e7f";"uuid:3c80b509-4dad-420b-b4d0-029bcf378e7f"
"M8";"Masculino";"Mam Occidental";"M_016";"1778794683066.m4a";"824a10e6-302d-48ab-a66f-5c81571d20ce";"uuid:824a10e6-302d-48ab-a66f-5c81571d20ce"
"M8";"Masculino";"Mam Occidental";"M_017";"1778794704794.m4a";"0b5cbb8f-0395-40ae-8e7c-4d9745c81353";"uuid:0b5cbb8f-0395-40ae-8e7c-4d9745c81353"
"M8";"Masculino";"Mam Occidental";"M_018";"1778794742172.m4a";"62e3a4a3-da05-45d2-9eda-ace29ee2cfc9";"uuid:62e3a4a3-da05-45d2-9eda-ace29ee2cfc9"
"M8";"Masculino";"Mam Occidental";"M_019";"1778794765415.m4a";"79ccecd9-8d43-43b0-a710-069338f81111";"uuid:79ccecd9-8d43-43b0-a710-069338f81111"
"M8";"Masculino";"Mam Occidental";"M_020";"1778794784348.m4a";"4392af4d-4124-424d-8320-51f9008706ce";"uuid:4392af4d-4124-424d-8320-51f9008706ce"
"M8";"Masculino";"Mam Occidental";"M_021";"1778794824618.m4a";"dfc5a2c0-f0df-4383-b8bc-04dc8c4e00fe";"uuid:dfc5a2c0-f0df-4383-b8bc-04dc8c4e00fe"
"M8";"Masculino";"Mam Occidental";"M_022";"1778794872653.m4a";"b36532eb-b953-47d7-bdc5-161777a0324b";"uuid:b36532eb-b953-47d7-bdc5-161777a0324b"
"M8";"Masculino";"Mam Occidental";"M_023";"1778794896203.m4a";"b5fc01f8-5a52-4bf4-acd3-e40089f3e99a";"uuid:b5fc01f8-5a52-4bf4-acd3-e40089f3e99a"
"M8";"Masculino";"Mam Occidental";"M_024";"1778794917078.m4a";"9e779254-bd6c-48bf-8265-daed8837fdf1";"uuid:9e779254-bd6c-48bf-8265-daed8837fdf1"
"M8";"Masculino";"Mam Occidental";"M_025";"1778794939064.m4a";"6fc3f084-db60-460e-9f94-2210b3fe63da";"uuid:6fc3f084-db60-460e-9f94-2210b3fe63da"
"M8";"Masculino";"Mam Occidental";"M_026";"1778794960963.m4a";"989de846-01dd-4433-9da2-1018f39b099f";"uuid:989de846-01dd-4433-9da2-1018f39b099f"
"M8";"Masculino";"Mam Occidental";"M_027";"1778794985711.m4a";"b2519e4e-f296-4e54-9de7-7a8bfe171746";"uuid:b2519e4e-f296-4e54-9de7-7a8bfe171746"
"M8";"Masculino";"Mam Occidental";"M_028";"1778795008571.m4a";"000e5f69-c427-4717-b334-d88a5af3959c";"uuid:000e5f69-c427-4717-b334-d88a5af3959c"
"M8";"Masculino";"Mam Occidental";"M_029";"1778795028725.m4a";"fab3ce2d-55cc-4224-8bc3-970407775e39";"uuid:fab3ce2d-55cc-4224-8bc3-970407775e39"
"M8";"Masculino";"Mam Occidental";"M_030";"1778795054957.m4a";"0c1b017b-8a53-4ac4-9c9d-27a1e61f784b";"uuid:0c1b017b-8a53-4ac4-9c9d-27a1e61f784b"
"M8";"Masculino";"Mam Occidental";"M_031";"1778795076268.m4a";"c7a6061d-96be-418f-9a75-09471eaed84e";"uuid:c7a6061d-96be-418f-9a75-09471eaed84e"
"M8";"Masculino";"Mam Occidental";"M_032";"1778795101666.m4a";"7edaa2d8-3c3a-4fc5-a9a8-0fb6755e93c3";"uuid:7edaa2d8-3c3a-4fc5-a9a8-0fb6755e93c3"
"M8";"Masculino";"Mam Occidental";"M_033";"1778795123223.m4a";"a44624d7-c751-4b2b-a14f-f84f2a495964";"uuid:a44624d7-c751-4b2b-a14f-f84f2a495964"
"M8";"Masculino";"Mam Occidental";"M_034";"1778795144869.m4a";"879f202b-6092-4ea0-b636-0b4dc34d3f29";"uuid:879f202b-6092-4ea0-b636-0b4dc34d3f29"
"M8";"Masculino";"Mam Occidental";"M_035";"1778795167517.m4a";"735c422f-5de0-4870-b448-811a3672a719";"uuid:735c422f-5de0-4870-b448-811a3672a719"
"M8";"Masculino";"Mam Occidental";"M_036";"1778795190770.m4a";"fda1c544-8dbe-46e0-8a96-56861717f880";"uuid:fda1c544-8dbe-46e0-8a96-56861717f880"
"M8";"Masculino";"Mam Occidental";"M_037";"1778795215767.m4a";"7764200c-7a91-4ee9-914e-681ff102a2d4";"uuid:7764200c-7a91-4ee9-914e-681ff102a2d4"
"M8";"Masculino";"Mam Occidental";"M_038";"1778795246115.m4a";"5e398027-ff9c-4f47-b8fd-ff7d65711f56";"uuid:5e398027-ff9c-4f47-b8fd-ff7d65711f56"
"M8";"Masculino";"Mam Occidental";"M_039";"1778795269539.m4a";"fb5dffac-8dd9-4d2b-b2d1-6fbc3062b1ac";"uuid:fb5dffac-8dd9-4d2b-b2d1-6fbc3062b1ac"
"M8";"Masculino";"Mam Occidental";"M_040";"1778795306603.m4a";"7589e15a-0da2-4566-bba4-e0eccf1a6ca7";"uuid:7589e15a-0da2-4566-bba4-e0eccf1a6ca7"
"M8";"Masculino";"Mam Occidental";"M_041";"1778795331937.m4a";"48d6f792-38d6-453e-8cb4-689f838c4a31";"uuid:48d6f792-38d6-453e-8cb4-689f838c4a31"
"M8";"Masculino";"Mam Occidental";"M_042";"1778795363456.m4a";"89ad3914-3eac-4a9e-92a8-abe2add9a298";"uuid:89ad3914-3eac-4a9e-92a8-abe2add9a298"
"M8";"Masculino";"Mam Occidental";"M_043";"1778795387616.m4a";"557367bb-1775-43cd-93b0-984501a8e070";"uuid:557367bb-1775-43cd-93b0-984501a8e070"
"M8";"Masculino";"Mam Occidental";"M_044";"1778795414401.m4a";"1e1fcf04-7ac5-467c-a133-53ebe934ac2c";"uuid:1e1fcf04-7ac5-467c-a133-53ebe934ac2c"
"M8";"Masculino";"Mam Occidental";"M_045";"1778795439985.m4a";"eae6b776-1363-472f-ae45-a310a9459668";"uuid:eae6b776-1363-472f-ae45-a310a9459668"
"M8";"Masculino";"Mam Occidental";"M_046";"1778795526871.m4a";"ae743592-10ce-464c-916e-bfc5b1f718de";"uuid:ae743592-10ce-464c-916e-bfc5b1f718de"
"M8";"Masculino";"Mam Occidental";"M_047";"1778795559290.m4a";"cdbfd47b-3617-4b9d-a1c8-9b11803b8cbb";"uuid:cdbfd47b-3617-4b9d-a1c8-9b11803b8cbb"
"M8";"Masculino";"Mam Occidental";"M_048";"1778795597271.m4a";"8da6210b-a5bf-49de-8ed0-5ccd06aba3e1";"uuid:8da6210b-a5bf-49de-8ed0-5ccd06aba3e1"
"M8";"Masculino";"Mam Occidental";"M_049";"1778795619500.m4a";"df759f79-6a42-4682-a376-4c5daf634962";"uuid:df759f79-6a42-4682-a376-4c5daf634962"
"M8";"Masculino";"Mam Occidental";"M_050";"1778795642241.m4a";"656bffe2-8acd-4568-9c96-58054038b8ab";"uuid:656bffe2-8acd-4568-9c96-58054038b8ab"
"X1";"Masculino";"Mam Occidental";"M_001";"1778976493437.m4a";"655ad041-f3b8-48b9-b0cf-cf07ffc7d167";"uuid:655ad041-f3b8-48b9-b0cf-cf07ffc7d167"
"X1";"Masculino";"Mam Occidental";"M_002";"1778976529003.m4a";"ae1c8cae-ec0e-4b39-bce0-8e4c3934cc32";"uuid:ae1c8cae-ec0e-4b39-bce0-8e4c3934cc32"
"X1";"Masculino";"Mam Occidental";"M_003";"1778976553619.m4a";"c8205f1a-ed15-4b4d-a26d-29631b55a49e";"uuid:c8205f1a-ed15-4b4d-a26d-29631b55a49e"
"X1";"Masculino";"Mam Occidental";"M_004";"1778976614054.m4a";"915725f8-23fa-49c8-a4c6-ffb559df0420";"uuid:915725f8-23fa-49c8-a4c6-ffb559df0420"
"X1";"Masculino";"Mam Occidental";"M_005";"1778976630756.m4a";"9d56e6fd-8a40-4aff-bdfb-1680367d8236";"uuid:9d56e6fd-8a40-4aff-bdfb-1680367d8236"
"X1";"Masculino";"Mam Occidental";"M_006";"1778976652018.m4a";"04a6daa3-4efe-4762-90f4-bdc4d29326ed";"uuid:04a6daa3-4efe-4762-90f4-bdc4d29326ed"
"X1";"Masculino";"Mam Occidental";"M_007";"1778976674920.m4a";"7b530102-5d40-484c-9d68-89f34cae86cb";"uuid:7b530102-5d40-484c-9d68-89f34cae86cb"
"X1";"Masculino";"Mam Occidental";"M_008";"1778976698951.m4a";"9762469d-a1d6-42fb-bd7b-70f58f72c135";"uuid:9762469d-a1d6-42fb-bd7b-70f58f72c135"
"X1";"Masculino";"Mam Occidental";"M_009";"1778976718612.m4a";"1e7cead5-1e61-4c29-a746-81de8e1e9473";"uuid:1e7cead5-1e61-4c29-a746-81de8e1e9473"
"X1";"Masculino";"Mam Occidental";"M_010";"1778976777856.m4a";"8a155bfb-ef56-4c12-adda-c5d1305906f9";"uuid:8a155bfb-ef56-4c12-adda-c5d1305906f9"
"X1";"Masculino";"Mam Occidental";"M_011";"1778976823076.m4a";"5d407c36-791e-4748-8e85-5f6f1fb10897";"uuid:5d407c36-791e-4748-8e85-5f6f1fb10897"
"X1";"Masculino";"Mam Occidental";"M_012";"1778976856503.m4a";"8fc522eb-e21b-4856-9036-c873615a9f04";"uuid:8fc522eb-e21b-4856-9036-c873615a9f04"
"X1";"Masculino";"Mam Occidental";"M_013";"1778976887941.m4a";"5d8d72ec-3717-41a2-a75d-b31f64c9f6c9";"uuid:5d8d72ec-3717-41a2-a75d-b31f64c9f6c9"
"X1";"Masculino";"Mam Occidental";"M_014";"1778976913046.m4a";"9c6e3701-23f9-428d-a180-f79e3c7eaf95";"uuid:9c6e3701-23f9-428d-a180-f79e3c7eaf95"
"X1";"Masculino";"Mam Occidental";"M_015";"1778976942763.m4a";"389a083c-f707-448f-967d-bb253a687487";"uuid:389a083c-f707-448f-967d-bb253a687487"
"X1";"Masculino";"Mam Occidental";"M_016";"1778977046582.m4a";"86961a2e-41bf-402f-8512-75f973c1b93f";"uuid:86961a2e-41bf-402f-8512-75f973c1b93f"
"X1";"Masculino";"Mam Occidental";"M_017";"1778977080247.m4a";"41015548-1133-4e56-9c9c-591e463ccedc";"uuid:41015548-1133-4e56-9c9c-591e463ccedc"
"X1";"Masculino";"Mam Occidental";"M_018";"1778977149482.m4a";"67844bef-6bab-4048-954b-61962b4533aa";"uuid:67844bef-6bab-4048-954b-61962b4533aa"
"X1";"Masculino";"Mam Occidental";"M_019";"1778977180692.m4a";"d23f69ef-ba8a-44ec-b02f-709c551697a0";"uuid:d23f69ef-ba8a-44ec-b02f-709c551697a0"
"X1";"Masculino";"Mam Occidental";"M_020";"1778977205337.m4a";"81dd96fd-c247-43d1-b305-13700d685071";"uuid:81dd96fd-c247-43d1-b305-13700d685071"
"X1";"Masculino";"Mam Occidental";"M_021";"1778977238686.m4a";"827124eb-6782-48e9-acfa-b02d8a8e3f07";"uuid:827124eb-6782-48e9-acfa-b02d8a8e3f07"
"X1";"Masculino";"Mam Occidental";"M_022";"1778977274613.m4a";"1c21e31b-9e96-4401-a472-f5c4f838cb04";"uuid:1c21e31b-9e96-4401-a472-f5c4f838cb04"
"X1";"Masculino";"Mam Occidental";"M_023";"1778977301969.m4a";"1578ee43-a1d9-4b82-9c75-f9f5f2d63910";"uuid:1578ee43-a1d9-4b82-9c75-f9f5f2d63910"
"X1";"Masculino";"Mam Occidental";"M_024";"1778977333395.m4a";"4bef8565-af34-4058-86fa-122b60c55dee";"uuid:4bef8565-af34-4058-86fa-122b60c55dee"
"X1";"Masculino";"Mam Occidental";"M_025";"1778977359905.m4a";"42cde7fb-4b33-4d69-8c4f-920996821087";"uuid:42cde7fb-4b33-4d69-8c4f-920996821087"
"X1";"Masculino";"Mam Occidental";"M_026";"1778977410755.m4a";"f9eafbf8-2838-42d4-b14e-251f2a61d1a1";"uuid:f9eafbf8-2838-42d4-b14e-251f2a61d1a1"
"X1";"Masculino";"Mam Occidental";"M_027";"1778977501683.m4a";"52cb0000-cea3-458e-a99f-6d27bf29afab";"uuid:52cb0000-cea3-458e-a99f-6d27bf29afab"
"X1";"Masculino";"Mam Occidental";"M_028";"1778977534757.m4a";"e6760f5c-9591-4f4e-932b-9184da8a344e";"uuid:e6760f5c-9591-4f4e-932b-9184da8a344e"
"X1";"Masculino";"Mam Occidental";"M_029";"1778977575080.m4a";"a8c754d5-40b8-429a-9f39-4a22082c03af";"uuid:a8c754d5-40b8-429a-9f39-4a22082c03af"
"X1";"Masculino";"Mam Occidental";"M_030";"1778977601628.m4a";"0d1ab62e-dc54-453c-8607-ac44941c363c";"uuid:0d1ab62e-dc54-453c-8607-ac44941c363c"
"X1";"Masculino";"Mam Occidental";"M_031";"1778977628627.m4a";"688ca67c-137a-4b36-861b-d6bb74724a7f";"uuid:688ca67c-137a-4b36-861b-d6bb74724a7f"
"X1";"Masculino";"Mam Occidental";"M_032";"1778977658035.m4a";"d652cd31-8964-423a-9e22-1aa7716824fb";"uuid:d652cd31-8964-423a-9e22-1aa7716824fb"
"X1";"Masculino";"Mam Occidental";"M_033";"1778977703681.m4a";"77de7c0f-6b1f-4ceb-bce1-0b430c85a33e";"uuid:77de7c0f-6b1f-4ceb-bce1-0b430c85a33e"
"X1";"Masculino";"Mam Occidental";"M_034";"1778977731363.m4a";"79c5681b-a108-4eb9-bc1e-26373baa6772";"uuid:79c5681b-a108-4eb9-bc1e-26373baa6772"
"X1";"Masculino";"Mam Occidental";"M_035";"1778977755234.m4a";"d3091d22-9051-426f-85f5-c6e83678cb3b";"uuid:d3091d22-9051-426f-85f5-c6e83678cb3b"
"X1";"Masculino";"Mam Occidental";"M_036";"1778977784161.m4a";"923ddc92-3b8e-45b0-9c6b-cc1d044c686d";"uuid:923ddc92-3b8e-45b0-9c6b-cc1d044c686d"
"X1";"Masculino";"Mam Occidental";"M_037";"1778977815403.m4a";"fed986d9-56c8-4ad2-9ce2-5f1a476fe0a1";"uuid:fed986d9-56c8-4ad2-9ce2-5f1a476fe0a1"
"X1";"Masculino";"Mam Occidental";"M_038";"1778977848054.m4a";"789ff3d6-b552-4d98-8bb9-6a3abe89b6bf";"uuid:789ff3d6-b552-4d98-8bb9-6a3abe89b6bf"
"X1";"Masculino";"Mam Occidental";"M_039";"1778977876489.m4a";"6b8e63f2-d288-4fa8-906a-57b71846e666";"uuid:6b8e63f2-d288-4fa8-906a-57b71846e666"
"X1";"Masculino";"Mam Occidental";"M_040";"1778977952813.m4a";"677ddace-6139-4e53-947e-913045b7d9c4";"uuid:677ddace-6139-4e53-947e-913045b7d9c4"
"X1";"Masculino";"Mam Occidental";"M_041";"1778978006202.m4a";"f31e2eab-0f66-41cf-b1d9-b9555a2cd315";"uuid:f31e2eab-0f66-41cf-b1d9-b9555a2cd315"
"X1";"Masculino";"Mam Occidental";"M_042";"1778978042602.m4a";"4fd903b4-6ead-4790-91f7-02ee3cde559b";"uuid:4fd903b4-6ead-4790-91f7-02ee3cde559b"
"X1";"Masculino";"Mam Occidental";"M_043";"1778978103368.m4a";"d7c9fc71-f116-47ab-b99f-49d2cd9cc6fc";"uuid:d7c9fc71-f116-47ab-b99f-49d2cd9cc6fc"
"X1";"Masculino";"Mam Occidental";"M_044";"1778978137647.m4a";"26513a0c-006b-44fc-b405-281ec258d5b7";"uuid:26513a0c-006b-44fc-b405-281ec258d5b7"
"X1";"Masculino";"Mam Occidental";"M_045";"1778978193222.m4a";"3d037f9e-744e-4011-af0b-14d4d1f52f22";"uuid:3d037f9e-744e-4011-af0b-14d4d1f52f22"
"X1";"Masculino";"Mam Occidental";"M_046";"1778978312971.m4a";"8e721d62-99a9-45dc-afa8-4e281b7c562a";"uuid:8e721d62-99a9-45dc-afa8-4e281b7c562a"
"X1";"Masculino";"Mam Occidental";"M_047";"1778978363630.m4a";"61587275-47c1-4bbf-ad61-274ab72a6909";"uuid:61587275-47c1-4bbf-ad61-274ab72a6909"
"X1";"Masculino";"Mam Occidental";"M_048";"1778978405182.m4a";"8e12e3e7-d275-490c-ad31-233163b01910";"uuid:8e12e3e7-d275-490c-ad31-233163b01910"
"X1";"Masculino";"Mam Occidental";"M_049";"1778978438852.m4a";"a534f8cc-4578-4e16-b44c-d3e75af04b93";"uuid:a534f8cc-4578-4e16-b44c-d3e75af04b93"
"X1";"Masculino";"Mam Occidental";"M_050";"1778978469447.m4a";"bbdbe270-9ac5-4a85-ba16-d1cb735b7c8e";"uuid:bbdbe270-9ac5-4a85-ba16-d1cb735b7c8e"
"Y1";"Femenino";"Mam Occidental";"M_001";"1778978639143.m4a";"3879eb76-9848-45ec-8f91-14f73e3459bc";"uuid:3879eb76-9848-45ec-8f91-14f73e3459bc"
"Y1";"Femenino";"Mam Occidental";"M_002";"1778978668751.m4a";"9843ed78-05a5-454b-867e-43e4c2df3a4b";"uuid:9843ed78-05a5-454b-867e-43e4c2df3a4b"
"Y1";"Femenino";"Mam Occidental";"M_003";"1778978693814.m4a";"bce37ad9-bc61-46e6-a819-fce6edb251de";"uuid:bce37ad9-bc61-46e6-a819-fce6edb251de"
"Y1";"Femenino";"Mam Occidental";"M_004";"1778978719636.m4a";"3535edd2-1507-4f36-a7a3-3526dc65a8ba";"uuid:3535edd2-1507-4f36-a7a3-3526dc65a8ba"
"Y1";"Femenino";"Mam Occidental";"M_005";"1778978738995.m4a";"894ae012-2026-4c63-aca8-bfcb6a1dd26f";"uuid:894ae012-2026-4c63-aca8-bfcb6a1dd26f"
"Y1";"Femenino";"Mam Occidental";"M_006";"1778978773767.m4a";"275af408-fbc2-4f63-a4aa-3cbbaececcc0";"uuid:275af408-fbc2-4f63-a4aa-3cbbaececcc0"
"Y1";"Femenino";"Mam Occidental";"M_007";"1778978800422.m4a";"913ced26-4486-47bd-b1b3-dcdcd6694a1a";"uuid:913ced26-4486-47bd-b1b3-dcdcd6694a1a"
"Y1";"Femenino";"Mam Occidental";"M_008";"1778978823578.m4a";"aa27c7b6-e25c-44ee-904c-e03771717916";"uuid:aa27c7b6-e25c-44ee-904c-e03771717916"
"Y1";"Femenino";"Mam Occidental";"M_009";"1778978865072.m4a";"74c865e5-3cc6-4634-a9b2-fae8e86f0d49";"uuid:74c865e5-3cc6-4634-a9b2-fae8e86f0d49"
"Y1";"Femenino";"Mam Occidental";"M_010";"1778978895731.m4a";"041748f2-6b56-47ba-ac83-5a19a4a83042";"uuid:041748f2-6b56-47ba-ac83-5a19a4a83042"
"Y1";"Femenino";"Mam Occidental";"M_011";"1778978950494.m4a";"00ef781b-e6fc-49c0-82e1-85842f64064a";"uuid:00ef781b-e6fc-49c0-82e1-85842f64064a"
"Y1";"Femenino";"Mam Occidental";"M_012";"1778978989381.m4a";"e64f6ccb-b213-4dc2-9aed-1031c4491d15";"uuid:e64f6ccb-b213-4dc2-9aed-1031c4491d15"
"Y1";"Femenino";"Mam Occidental";"M_013";"1778979020247.m4a";"1e898de8-08ce-41c0-b022-58966194fd6a";"uuid:1e898de8-08ce-41c0-b022-58966194fd6a"
"Y1";"Femenino";"Mam Occidental";"M_014";"1778979045581.m4a";"41b8aa8c-0239-4d1e-8b3c-fd8fb918e66d";"uuid:41b8aa8c-0239-4d1e-8b3c-fd8fb918e66d"
"Y1";"Femenino";"Mam Occidental";"M_015";"1778979157108.m4a";"005ed053-9edd-4272-934f-1fa7a5a89065";"uuid:005ed053-9edd-4272-934f-1fa7a5a89065"
"Y1";"Femenino";"Mam Occidental";"M_016";"1778979210859.m4a";"bcc2ac77-f16f-422d-9888-278ffd8317a8";"uuid:bcc2ac77-f16f-422d-9888-278ffd8317a8"
"Y1";"Femenino";"Mam Occidental";"M_017";"1778979383387.m4a";"f9d18c9d-3bf5-4a27-919f-ac503a68607d";"uuid:f9d18c9d-3bf5-4a27-919f-ac503a68607d"
"Y1";"Femenino";"Mam Occidental";"M_018";"1778979412996.m4a";"781e4c6e-e65e-4744-8581-86b3931ee9b0";"uuid:781e4c6e-e65e-4744-8581-86b3931ee9b0"
"Y1";"Femenino";"Mam Occidental";"M_019";"1778979444437.m4a";"8130a900-4f05-4ebe-93a7-7a28149c22b6";"uuid:8130a900-4f05-4ebe-93a7-7a28149c22b6"
"Y1";"Femenino";"Mam Occidental";"M_020";"1778979473202.m4a";"0ed352ee-4444-4a9f-a4c7-33cec7c3427d";"uuid:0ed352ee-4444-4a9f-a4c7-33cec7c3427d"
"Y1";"Femenino";"Mam Occidental";"M_021";"1778979498876.m4a";"7cc5106c-9527-48be-aea9-84eaf249a927";"uuid:7cc5106c-9527-48be-aea9-84eaf249a927"
"Y1";"Femenino";"Mam Occidental";"M_022";"1778979536298.m4a";"8564ffd4-e767-4837-8a64-4af566957e66";"uuid:8564ffd4-e767-4837-8a64-4af566957e66"
"Y1";"Femenino";"Mam Occidental";"M_023";"1778979561483.m4a";"82a8bdf0-3a46-41db-b207-ff83da213809";"uuid:82a8bdf0-3a46-41db-b207-ff83da213809"
"Y1";"Femenino";"Mam Occidental";"M_024";"1778979588478.m4a";"d0a4c23b-1e5a-4c72-a1cb-db2e61944dad";"uuid:d0a4c23b-1e5a-4c72-a1cb-db2e61944dad"
"Y1";"Femenino";"Mam Occidental";"M_025";"1778979613006.m4a";"ce608338-813c-40da-a811-24009b6a8868";"uuid:ce608338-813c-40da-a811-24009b6a8868"
"Y1";"Femenino";"Mam Occidental";"M_026";"1778979637659.m4a";"e154f375-36cb-4a70-832b-94149bef4f13";"uuid:e154f375-36cb-4a70-832b-94149bef4f13"
"Y1";"Femenino";"Mam Occidental";"M_027";"1778979668274.m4a";"e7d92b87-865c-4520-9de6-7384f3138c35";"uuid:e7d92b87-865c-4520-9de6-7384f3138c35"
"Y1";"Femenino";"Mam Occidental";"M_028";"1778979691183.m4a";"793a73b5-d3e0-4f14-a4fa-b5825d0ccc9a";"uuid:793a73b5-d3e0-4f14-a4fa-b5825d0ccc9a"
"Y1";"Femenino";"Mam Occidental";"M_029";"1778979711601.m4a";"d94bfc77-6f15-4eb9-a2f8-1acf926e7d5a";"uuid:d94bfc77-6f15-4eb9-a2f8-1acf926e7d5a"
"Y1";"Femenino";"Mam Occidental";"M_030";"1778979732303.m4a";"09617e8a-923a-4c97-b7bf-01860cf74b3a";"uuid:09617e8a-923a-4c97-b7bf-01860cf74b3a"
"Y1";"Femenino";"Mam Occidental";"M_031";"1778979754419.m4a";"078af2e9-eb16-4d01-8709-3ca8ae119523";"uuid:078af2e9-eb16-4d01-8709-3ca8ae119523"
"Y1";"Femenino";"Mam Occidental";"M_032";"1778979776723.m4a";"3d5a39d2-033a-467c-ae97-0533a31d67ff";"uuid:3d5a39d2-033a-467c-ae97-0533a31d67ff"
"Y1";"Femenino";"Mam Occidental";"M_033";"1778979801324.m4a";"383024ac-321f-4948-988d-9daa104867b9";"uuid:383024ac-321f-4948-988d-9daa104867b9"
"Y1";"Femenino";"Mam Occidental";"M_034";"1778979825975.m4a";"b81c4a66-7af6-4ed8-b2b6-9c9304700364";"uuid:b81c4a66-7af6-4ed8-b2b6-9c9304700364"
"Y1";"Femenino";"Mam Occidental";"M_035";"1778979851256.m4a";"3fc4d3d5-fa18-4d5d-98e7-483b30c65719";"uuid:3fc4d3d5-fa18-4d5d-98e7-483b30c65719"
"Y1";"Femenino";"Mam Occidental";"M_036";"1778979873580.m4a";"8cf189a3-4d9d-4b98-aa28-dedfd4011f46";"uuid:8cf189a3-4d9d-4b98-aa28-dedfd4011f46"
"Y1";"Femenino";"Mam Occidental";"M_037";"1778979941664.m4a";"485d459a-0af5-4387-b92a-bd502fa1085f";"uuid:485d459a-0af5-4387-b92a-bd502fa1085f"
"Y1";"Femenino";"Mam Occidental";"M_038";"1778979965362.m4a";"e83ad9e7-09f6-4073-8d82-36ec947a0e0d";"uuid:e83ad9e7-09f6-4073-8d82-36ec947a0e0d"
"Y1";"Femenino";"Mam Occidental";"M_039";"1778979996569.m4a";"906a2f87-c89e-4123-8a7a-a68695512822";"uuid:906a2f87-c89e-4123-8a7a-a68695512822"
"Y1";"Femenino";"Mam Occidental";"M_040";"1778980031540.m4a";"0df63525-d11a-4125-a44f-906ec7813f10";"uuid:0df63525-d11a-4125-a44f-906ec7813f10"
"Y1";"Femenino";"Mam Occidental";"M_041";"1778980056741.m4a";"03563d3f-4db7-4296-b152-5196b7f54b66";"uuid:03563d3f-4db7-4296-b152-5196b7f54b66"
"Y1";"Femenino";"Mam Occidental";"M_042";"1778980098513.m4a";"f6500c43-aeb9-4fa5-beb0-5d4948650ede";"uuid:f6500c43-aeb9-4fa5-beb0-5d4948650ede"
"Y1";"Femenino";"Mam Occidental";"M_043";"1778980127781.m4a";"9f8bf034-afe4-4e98-9e1e-f1ce612a31c6";"uuid:9f8bf034-afe4-4e98-9e1e-f1ce612a31c6"
"Y1";"Femenino";"Mam Occidental";"M_044";"1778980155547.m4a";"a1784748-0380-4d66-bbaa-4e1a757533c6";"uuid:a1784748-0380-4d66-bbaa-4e1a757533c6"
"Y1";"Femenino";"Mam Occidental";"M_045";"1778980186288.m4a";"533bb124-46b1-47f1-8e16-8d7713fcfdcb";"uuid:533bb124-46b1-47f1-8e16-8d7713fcfdcb"
"Y1";"Femenino";"Mam Occidental";"M_046";"1778980211761.m4a";"9c47d34b-39e8-4da6-9749-882bb8848be9";"uuid:9c47d34b-39e8-4da6-9749-882bb8848be9"
"Y1";"Femenino";"Mam Occidental";"M_047";"1778980237960.m4a";"bdc9a5b9-c736-423f-b64a-1d38f94f5646";"uuid:bdc9a5b9-c736-423f-b64a-1d38f94f5646"
"Y1";"Femenino";"Mam Occidental";"M_048";"1778980263381.m4a";"c281769a-abb4-45f5-92e2-65d18d888176";"uuid:c281769a-abb4-45f5-92e2-65d18d888176"
"Y1";"Femenino";"Mam Occidental";"M_049";"1778980284267.m4a";"09e8d08e-1722-4da9-ba86-70d6d8135bda";"uuid:09e8d08e-1722-4da9-ba86-70d6d8135bda"
"Y1";"Femenino";"Mam Occidental";"M_050";"1778980308424.m4a";"f17877e9-f55b-48fb-90cd-c99e0d2ffdc0";"uuid:f17877e9-f55b-48fb-90cd-c99e0d2ffdc0"
